-- MySQL dump 10.13  Distrib 8.0.40, for macos14 (arm64)
--
-- Host: 127.0.0.1    Database: myhealthtracker_sample
-- ------------------------------------------------------
-- Server version	9.2.0

/*!40101 SET @OLD_CHARACTER_SET_CLIENT=@@CHARACTER_SET_CLIENT */;
/*!40101 SET @OLD_CHARACTER_SET_RESULTS=@@CHARACTER_SET_RESULTS */;
/*!40101 SET @OLD_COLLATION_CONNECTION=@@COLLATION_CONNECTION */;
/*!50503 SET NAMES utf8 */;
/*!40103 SET @OLD_TIME_ZONE=@@TIME_ZONE */;
/*!40103 SET TIME_ZONE='+00:00' */;
/*!40014 SET @OLD_UNIQUE_CHECKS=@@UNIQUE_CHECKS, UNIQUE_CHECKS=0 */;
/*!40014 SET @OLD_FOREIGN_KEY_CHECKS=@@FOREIGN_KEY_CHECKS, FOREIGN_KEY_CHECKS=0 */;
/*!40101 SET @OLD_SQL_MODE=@@SQL_MODE, SQL_MODE='NO_AUTO_VALUE_ON_ZERO' */;
/*!40111 SET @OLD_SQL_NOTES=@@SQL_NOTES, SQL_NOTES=0 */;

--
-- Table structure for table `Life_style`
--

DROP TABLE IF EXISTS `Life_style`;
/*!40101 SET @saved_cs_client     = @@character_set_client */;
/*!50503 SET character_set_client = utf8mb4 */;
CREATE TABLE `Life_style` (
  `user_username` varchar(255) NOT NULL,
  `smoking` tinyint(1) DEFAULT NULL,
  `drinking` tinyint(1) DEFAULT NULL,
  `physical_activity` int DEFAULT NULL,
  `marital_status` int DEFAULT NULL,
  `work` tinyint(1) DEFAULT NULL,
  `education_levels` int DEFAULT NULL,
  `children` int DEFAULT NULL,
  `sleep_pattern` int DEFAULT NULL,
  `dietary_habit` int DEFAULT NULL,
  PRIMARY KEY (`user_username`),
  KEY `idx_user_username` (`user_username`),
  KEY `idx_lifestyle` (`smoking`,`drinking`,`physical_activity`,`education_levels`),
  KEY `idx_user_lifestyle` (`user_username`,`smoking`,`drinking`,`physical_activity`,`education_levels`)
) ENGINE=InnoDB DEFAULT CHARSET=utf8mb4 COLLATE=utf8mb4_0900_ai_ci;
/*!40101 SET character_set_client = @saved_cs_client */;

--
-- Dumping data for table `Life_style`
--

LOCK TABLES `Life_style` WRITE;
/*!40000 ALTER TABLE `Life_style` DISABLE KEYS */;
INSERT INTO `Life_style` VALUES ('1',1,0,1,3,0,4,4,3,2),('10',3,0,1,1,1,2,2,1,3),('11',1,0,3,2,1,5,4,1,3),('12',3,1,2,1,1,2,3,3,3),('13',1,0,1,4,0,1,1,1,2),('14',1,0,3,3,1,2,1,1,1),('15',2,0,1,3,1,1,4,3,3),('16',1,1,3,2,0,4,1,3,1),('17',1,0,2,4,1,3,4,2,2),('18',1,0,1,4,1,5,3,3,1),('19',1,0,1,3,1,5,4,3,2),('2',1,1,2,4,0,5,1,1,2),('20',3,1,1,3,0,4,5,1,3),('21',1,0,2,2,0,5,1,2,1),('22',1,1,3,3,1,2,0,3,2),('23',3,1,1,1,0,5,0,1,3),('24',3,0,3,1,1,2,0,2,3),('25',2,0,3,1,0,2,5,2,3),('26',1,0,1,2,1,1,0,1,2),('27',1,1,3,4,1,3,4,1,1),('28',1,0,3,1,1,5,4,1,1),('29',1,0,1,4,1,2,3,2,2),('3',1,0,3,2,1,3,4,2,2),('30',1,0,1,2,0,2,4,1,3),('31',1,0,1,4,1,5,0,1,2),('32',1,0,2,4,0,2,1,2,2),('33',1,0,3,1,0,3,0,1,1),('34',1,0,2,4,0,2,2,2,1),('35',3,0,1,1,0,5,5,2,3),('36',1,0,1,2,0,4,5,3,1),('37',2,1,2,1,0,1,5,3,3),('38',3,0,1,2,1,1,5,3,3),('39',1,0,1,1,0,3,4,1,3),('4',1,0,1,4,0,5,3,3,1),('40',1,0,2,4,0,4,2,2,2),('41',1,0,3,1,0,1,3,3,1),('42',1,0,2,1,1,4,3,1,3),('43',3,0,1,3,0,3,3,1,3),('44',1,0,1,2,1,3,3,2,1),('45',1,0,1,4,1,2,0,3,2),('46',1,0,3,4,1,1,4,2,3),('47',1,0,3,2,1,1,1,1,3),('48',3,1,1,1,1,2,1,1,3),('49',0,0,2,1,0,4,0,2,3),('5',3,0,2,4,1,2,0,1,3),('50',3,0,3,2,0,2,3,3,3),('51',2,1,1,3,1,4,5,3,2),('52',1,0,1,3,1,3,0,3,2),('53',2,0,2,4,0,1,3,3,1),('54',1,0,1,2,1,2,4,2,1);
/*!40000 ALTER TABLE `Life_style` ENABLE KEYS */;
UNLOCK TABLES;

--
-- Table structure for table `Tests`
--

DROP TABLE IF EXISTS `Tests`;
/*!40101 SET @saved_cs_client     = @@character_set_client */;
/*!50503 SET character_set_client = utf8mb4 */;
CREATE TABLE `Tests` (
  `test_name` varchar(50) NOT NULL,
  `full_name` varchar(255) NOT NULL,
  `description` text NOT NULL,
  PRIMARY KEY (`test_name`)
) ENGINE=InnoDB DEFAULT CHARSET=utf8mb4 COLLATE=utf8mb4_0900_ai_ci;
/*!40101 SET character_set_client = @saved_cs_client */;

--
-- Dumping data for table `Tests`
--

LOCK TABLES `Tests` WRITE;
/*!40000 ALTER TABLE `Tests` DISABLE KEYS */;
INSERT INTO `Tests` VALUES ('BLDS','Pre-meal Blood Glucose','Measures blood glucose levels before a meal.'),('BP_HIGH','Systolic Blood Pressure','Indicates systolic blood pressure, measuring the pressure in arteries during heartbeats.'),('BP_LWST','Diastolic Blood Pressure','Indicates diastolic blood pressure, measuring the pressure in arteries between heartbeats.'),('CREATININE','Serum Creatinine','Indicates kidney function by measuring creatinine levels in the blood.'),('GAMMA_GTP','Gamma GTP (Liver Function)','Measures GGT enzyme levels, related to liver and bile duct function.'),('HDL_CHOLE','HDL Cholesterol','Measures \"good\" HDL cholesterol, which helps remove other forms of cholesterol.'),('HMG','Hemoglobin','Measures hemoglobin levels, important for oxygen transport in the blood.'),('LDL_CHOLE','LDL Cholesterol','Measures \"bad\" LDL cholesterol, which can build up in arteries.'),('OLIG_PROTE_CD','Urinary Protein Excretion','Indicates protein excretion in urine, a sign of kidney health.'),('SGOT_AST','AST (Liver Function)','Measures AST enzyme levels, indicating liver function.'),('SGPT_ALT','ALT (Liver Function)','Measures ALT enzyme levels, another marker of liver function.'),('TOT_CHOLE','Total Cholesterol','Measures total cholesterol levels in the blood.'),('TRIGLYCERIDE','Triglycerides','Indicates triglyceride levels, a type of fat found in the blood.');
/*!40000 ALTER TABLE `Tests` ENABLE KEYS */;
UNLOCK TABLES;

--
-- Table structure for table `Tests_Values`
--

DROP TABLE IF EXISTS `Tests_Values`;
/*!40101 SET @saved_cs_client     = @@character_set_client */;
/*!50503 SET character_set_client = utf8mb4 */;
CREATE TABLE `Tests_Values` (
  `test_name` varchar(50) NOT NULL,
  `age_group` int NOT NULL,
  `lower_limit` decimal(10,2) DEFAULT NULL,
  `upper_limit` decimal(10,2) DEFAULT NULL,
  PRIMARY KEY (`test_name`,`age_group`),
  KEY `idx_testname_agegroup` (`test_name`,`age_group`)
) ENGINE=InnoDB DEFAULT CHARSET=utf8mb4 COLLATE=utf8mb4_0900_ai_ci;
/*!40101 SET character_set_client = @saved_cs_client */;

--
-- Dumping data for table `Tests_Values`
--

LOCK TABLES `Tests_Values` WRITE;
/*!40000 ALTER TABLE `Tests_Values` DISABLE KEYS */;
INSERT INTO `Tests_Values` VALUES ('BLDS',1,60.00,100.00),('BLDS',2,70.00,105.00),('BLDS',3,70.00,110.00),('BLDS',4,70.00,115.00),('BLDS',5,70.00,126.00),('BLDS',6,70.00,126.00),('BLDS',7,70.00,126.00),('BLDS',8,70.00,126.00),('BLDS',9,70.00,126.00),('BLDS',10,70.00,126.00),('BLDS',11,70.00,126.00),('BLDS',12,70.00,126.00),('BLDS',13,70.00,126.00),('BLDS',14,70.00,126.00),('BLDS',15,70.00,126.00),('BLDS',16,70.00,126.00),('BLDS',17,70.00,126.00),('BLDS',18,70.00,126.00),('BP_HIGH',1,80.00,100.00),('BP_HIGH',2,85.00,115.00),('BP_HIGH',3,90.00,120.00),('BP_HIGH',4,95.00,130.00),('BP_HIGH',5,90.00,120.00),('BP_HIGH',6,90.00,120.00),('BP_HIGH',7,90.00,120.00),('BP_HIGH',8,90.00,120.00),('BP_HIGH',9,90.00,120.00),('BP_HIGH',10,90.00,120.00),('BP_HIGH',11,90.00,120.00),('BP_HIGH',12,90.00,120.00),('BP_HIGH',13,90.00,120.00),('BP_HIGH',14,90.00,120.00),('BP_HIGH',15,90.00,120.00),('BP_HIGH',16,90.00,120.00),('BP_HIGH',17,90.00,120.00),('BP_HIGH',18,90.00,120.00),('BP_LWST',1,50.00,70.00),('BP_LWST',2,55.00,75.00),('BP_LWST',3,60.00,80.00),('BP_LWST',4,65.00,85.00),('BP_LWST',5,60.00,80.00),('BP_LWST',6,60.00,80.00),('BP_LWST',7,60.00,80.00),('BP_LWST',8,60.00,80.00),('BP_LWST',9,60.00,80.00),('BP_LWST',10,60.00,80.00),('BP_LWST',11,60.00,80.00),('BP_LWST',12,60.00,80.00),('BP_LWST',13,60.00,80.00),('BP_LWST',14,60.00,80.00),('BP_LWST',15,60.00,80.00),('BP_LWST',16,60.00,80.00),('BP_LWST',17,60.00,80.00),('BP_LWST',18,60.00,80.00),('CREATININE',1,0.20,0.40),('CREATININE',2,0.30,0.70),('CREATININE',3,0.50,1.00),('CREATININE',4,0.50,1.00),('CREATININE',5,0.50,1.20),('CREATININE',6,0.50,1.20),('CREATININE',7,0.50,1.20),('CREATININE',8,0.50,1.20),('CREATININE',9,0.50,1.20),('CREATININE',10,0.50,1.20),('CREATININE',11,0.50,1.20),('CREATININE',12,0.50,1.20),('CREATININE',13,0.50,1.20),('CREATININE',14,0.50,1.20),('CREATININE',15,0.50,1.20),('CREATININE',16,0.50,1.20),('CREATININE',17,0.50,1.20),('CREATININE',18,0.50,1.20),('GAMMA_GTP',1,NULL,60.00),('GAMMA_GTP',2,NULL,60.00),('GAMMA_GTP',3,NULL,60.00),('GAMMA_GTP',4,NULL,60.00),('GAMMA_GTP',5,NULL,60.00),('GAMMA_GTP',6,NULL,60.00),('GAMMA_GTP',7,NULL,60.00),('GAMMA_GTP',8,NULL,60.00),('GAMMA_GTP',9,NULL,60.00),('GAMMA_GTP',10,NULL,60.00),('GAMMA_GTP',11,NULL,60.00),('GAMMA_GTP',12,NULL,60.00),('GAMMA_GTP',13,NULL,60.00),('GAMMA_GTP',14,NULL,60.00),('GAMMA_GTP',15,NULL,60.00),('GAMMA_GTP',16,NULL,60.00),('GAMMA_GTP',17,NULL,60.00),('GAMMA_GTP',18,NULL,60.00),('HDL_CHOLE',1,35.00,NULL),('HDL_CHOLE',2,40.00,NULL),('HDL_CHOLE',3,40.00,NULL),('HDL_CHOLE',4,45.00,NULL),('HDL_CHOLE',5,40.00,NULL),('HDL_CHOLE',6,40.00,NULL),('HDL_CHOLE',7,40.00,NULL),('HDL_CHOLE',8,40.00,NULL),('HDL_CHOLE',9,40.00,NULL),('HDL_CHOLE',10,40.00,NULL),('HDL_CHOLE',11,40.00,NULL),('HDL_CHOLE',12,40.00,NULL),('HDL_CHOLE',13,40.00,NULL),('HDL_CHOLE',14,40.00,NULL),('HDL_CHOLE',15,40.00,NULL),('HDL_CHOLE',16,40.00,NULL),('HDL_CHOLE',17,40.00,NULL),('HDL_CHOLE',18,40.00,NULL),('HMG',1,11.00,14.00),('HMG',2,11.50,14.50),('HMG',3,12.00,15.00),('HMG',4,12.50,16.00),('HMG',5,13.00,17.00),('HMG',6,13.00,17.00),('HMG',7,13.00,17.00),('HMG',8,13.00,17.00),('HMG',9,13.00,17.00),('HMG',10,13.00,17.00),('HMG',11,13.00,17.00),('HMG',12,13.00,17.00),('HMG',13,13.00,17.00),('HMG',14,13.00,17.00),('HMG',15,13.00,17.00),('HMG',16,13.00,17.00),('HMG',17,13.00,17.00),('HMG',18,13.00,17.00),('LDL_CHOLE',1,NULL,100.00),('LDL_CHOLE',2,NULL,110.00),('LDL_CHOLE',3,NULL,120.00),('LDL_CHOLE',4,NULL,130.00),('LDL_CHOLE',5,NULL,100.00),('LDL_CHOLE',6,NULL,100.00),('LDL_CHOLE',7,NULL,100.00),('LDL_CHOLE',8,NULL,100.00),('LDL_CHOLE',9,NULL,100.00),('LDL_CHOLE',10,NULL,100.00),('LDL_CHOLE',11,NULL,100.00),('LDL_CHOLE',12,NULL,100.00),('LDL_CHOLE',13,NULL,100.00),('LDL_CHOLE',14,NULL,100.00),('LDL_CHOLE',15,NULL,100.00),('LDL_CHOLE',16,NULL,100.00),('LDL_CHOLE',17,NULL,100.00),('LDL_CHOLE',18,NULL,100.00),('OLIG_PROTE_CD',1,0.01,150.00),('OLIG_PROTE_CD',2,0.01,150.00),('OLIG_PROTE_CD',3,0.01,150.00),('OLIG_PROTE_CD',4,0.01,150.00),('OLIG_PROTE_CD',5,0.01,150.00),('OLIG_PROTE_CD',6,0.01,150.00),('OLIG_PROTE_CD',7,0.01,150.00),('OLIG_PROTE_CD',8,0.01,150.00),('OLIG_PROTE_CD',9,0.01,150.00),('OLIG_PROTE_CD',10,0.01,150.00),('OLIG_PROTE_CD',11,0.01,150.00),('OLIG_PROTE_CD',12,0.01,150.00),('OLIG_PROTE_CD',13,0.01,150.00),('OLIG_PROTE_CD',14,0.01,150.00),('OLIG_PROTE_CD',15,0.01,150.00),('OLIG_PROTE_CD',16,0.01,150.00),('OLIG_PROTE_CD',17,0.01,150.00),('OLIG_PROTE_CD',18,0.01,150.00),('SGOT_AST',1,35.00,140.00),('SGOT_AST',2,15.00,60.00),('SGOT_AST',3,10.00,50.00),('SGOT_AST',4,10.00,40.00),('SGOT_AST',5,8.00,40.00),('SGOT_AST',6,8.00,40.00),('SGOT_AST',7,8.00,40.00),('SGOT_AST',8,8.00,40.00),('SGOT_AST',9,8.00,40.00),('SGOT_AST',10,8.00,40.00),('SGOT_AST',11,8.00,40.00),('SGOT_AST',12,8.00,40.00),('SGOT_AST',13,8.00,40.00),('SGOT_AST',14,8.00,40.00),('SGOT_AST',15,8.00,40.00),('SGOT_AST',16,8.00,40.00),('SGOT_AST',17,8.00,40.00),('SGOT_AST',18,8.00,40.00),('SGPT_ALT',1,NULL,29.00),('SGPT_ALT',2,NULL,29.00),('SGPT_ALT',3,NULL,25.00),('SGPT_ALT',4,NULL,25.00),('SGPT_ALT',5,7.00,56.00),('SGPT_ALT',6,7.00,56.00),('SGPT_ALT',7,7.00,56.00),('SGPT_ALT',8,7.00,56.00),('SGPT_ALT',9,7.00,56.00),('SGPT_ALT',10,7.00,56.00),('SGPT_ALT',11,7.00,56.00),('SGPT_ALT',12,7.00,56.00),('SGPT_ALT',13,7.00,56.00),('SGPT_ALT',14,7.00,56.00),('SGPT_ALT',15,7.00,56.00),('SGPT_ALT',16,7.00,56.00),('SGPT_ALT',17,7.00,56.00),('SGPT_ALT',18,7.00,56.00),('TOT_CHOLE',1,120.00,170.00),('TOT_CHOLE',2,125.00,180.00),('TOT_CHOLE',3,130.00,190.00),('TOT_CHOLE',4,140.00,200.00),('TOT_CHOLE',5,125.00,200.00),('TOT_CHOLE',6,125.00,200.00),('TOT_CHOLE',7,125.00,200.00),('TOT_CHOLE',8,125.00,200.00),('TOT_CHOLE',9,125.00,200.00),('TOT_CHOLE',10,125.00,200.00),('TOT_CHOLE',11,125.00,200.00),('TOT_CHOLE',12,125.00,200.00),('TOT_CHOLE',13,125.00,200.00),('TOT_CHOLE',14,125.00,200.00),('TOT_CHOLE',15,125.00,200.00),('TOT_CHOLE',16,125.00,200.00),('TOT_CHOLE',17,125.00,200.00),('TOT_CHOLE',18,125.00,200.00),('TRIGLYCERIDE',1,30.00,100.00),('TRIGLYCERIDE',2,40.00,130.00),('TRIGLYCERIDE',3,50.00,150.00),('TRIGLYCERIDE',4,60.00,160.00),('TRIGLYCERIDE',5,50.00,150.00),('TRIGLYCERIDE',6,50.00,150.00),('TRIGLYCERIDE',7,50.00,150.00),('TRIGLYCERIDE',8,50.00,150.00),('TRIGLYCERIDE',9,50.00,150.00),('TRIGLYCERIDE',10,50.00,150.00),('TRIGLYCERIDE',11,50.00,150.00),('TRIGLYCERIDE',12,50.00,150.00),('TRIGLYCERIDE',13,50.00,150.00),('TRIGLYCERIDE',14,50.00,150.00),('TRIGLYCERIDE',15,50.00,150.00),('TRIGLYCERIDE',16,50.00,150.00),('TRIGLYCERIDE',17,50.00,150.00),('TRIGLYCERIDE',18,50.00,150.00);
/*!40000 ALTER TABLE `Tests_Values` ENABLE KEYS */;
UNLOCK TABLES;

--
-- Table structure for table `User_Tests`
--

DROP TABLE IF EXISTS `User_Tests`;
/*!40101 SET @saved_cs_client     = @@character_set_client */;
/*!50503 SET character_set_client = utf8mb4 */;
CREATE TABLE `User_Tests` (
  `username` varchar(255) NOT NULL,
  `test_name` varchar(255) NOT NULL,
  `test_date` date NOT NULL,
  `value` float DEFAULT NULL,
  PRIMARY KEY (`username`,`test_name`,`test_date`),
  KEY `idx_test_name` (`test_name`),
  KEY `idx_testname_username` (`test_name`,`username`),
  KEY `idx_username_testname` (`username`,`test_name`)
) ENGINE=InnoDB DEFAULT CHARSET=utf8mb4 COLLATE=utf8mb4_0900_ai_ci;
/*!40101 SET character_set_client = @saved_cs_client */;

--
-- Dumping data for table `User_Tests`
--

LOCK TABLES `User_Tests` WRITE;
/*!40000 ALTER TABLE `User_Tests` DISABLE KEYS */;
INSERT INTO `User_Tests` VALUES ('1','[object Object]','2025-01-27',80),('1','BLDS','2015-12-20',164),('1','BLDS','2016-12-20',180),('1','BLDS','2018-11-26',99),('1','BLDS','2019-12-19',96),('1','BLDS','2019-12-31',93),('1','BLDS','2021-12-29',90),('1','BLDS','2025-01-13',190),('1','BP_HIGH','2015-12-20',105),('1','BP_HIGH','2016-12-20',112),('1','BP_HIGH','2018-11-26',120),('1','BP_HIGH','2019-12-19',110),('1','BP_HIGH','2019-12-31',112),('1','BP_HIGH','2021-12-29',127),('1','BP_HIGH','2025-01-13',128),('1','BP_HIGH','2025-01-27',120),('1','BP_LWST','2015-12-20',60),('1','BP_LWST','2016-12-20',74),('1','BP_LWST','2018-11-26',80),('1','BP_LWST','2019-12-19',60),('1','BP_LWST','2019-12-31',70),('1','BP_LWST','2021-12-29',79),('1','BP_LWST','2025-01-13',100),('1','CREATININE','2015-12-20',0.6),('1','CREATININE','2016-12-20',1.1),('1','CREATININE','2018-11-26',1),('1','CREATININE','2019-12-19',0.5),('1','CREATININE','2019-12-31',1),('1','CREATININE','2021-12-29',1.1),('1','GAMMA_GTP','2015-12-20',25),('1','GAMMA_GTP','2016-12-20',23),('1','GAMMA_GTP','2018-11-26',40),('1','GAMMA_GTP','2019-12-19',12),('1','GAMMA_GTP','2019-12-31',47),('1','GAMMA_GTP','2021-12-29',21),('1','HDL_CHOLE','2015-12-20',55),('1','HDL_CHOLE','2016-12-20',43),('1','HDL_CHOLE','2018-11-26',48),('1','HDL_CHOLE','2021-12-29',58),('1','HMG','2015-12-20',11.4),('1','HMG','2016-12-20',9.8),('1','HMG','2018-11-26',17.1),('1','HMG','2019-12-19',12.8),('1','HMG','2019-12-31',15.5),('1','HMG','2021-12-29',15),('1','LDL_CHOLE','2015-12-20',116),('1','LDL_CHOLE','2016-12-20',91),('1','LDL_CHOLE','2018-11-26',126),('1','LDL_CHOLE','2021-12-29',118),('1','OLIG_PROTE_CD','2015-12-20',1),('1','OLIG_PROTE_CD','2016-12-20',1),('1','OLIG_PROTE_CD','2018-11-26',1),('1','OLIG_PROTE_CD','2019-12-19',1),('1','OLIG_PROTE_CD','2019-12-31',1),('1','OLIG_PROTE_CD','2021-12-29',1),('1','SGOT_AST','2015-12-20',39),('1','SGOT_AST','2016-12-20',17),('1','SGOT_AST','2018-11-26',21),('1','SGOT_AST','2019-12-19',21),('1','SGOT_AST','2019-12-31',18),('1','SGOT_AST','2021-12-29',21),('1','SGPT_ALT','2015-12-20',23),('1','SGPT_ALT','2016-12-20',28),('1','SGPT_ALT','2018-11-26',35),('1','SGPT_ALT','2019-12-19',8),('1','SGPT_ALT','2019-12-31',32),('1','SGPT_ALT','2021-12-29',27),('1','TOT_CHOLE','2015-12-20',185),('1','TOT_CHOLE','2016-12-20',169),('1','TOT_CHOLE','2018-11-26',193),('1','TOT_CHOLE','2021-12-29',188),('1','TRIGLYCERIDE','2015-12-20',69),('1','TRIGLYCERIDE','2016-12-20',175),('1','TRIGLYCERIDE','2018-11-26',92),('1','TRIGLYCERIDE','2021-12-29',58),('10','BLDS','2015-12-20',124),('10','BLDS','2016-12-20',102),('10','BLDS','2018-11-26',100),('10','BLDS','2019-12-19',111),('10','BLDS','2019-12-31',98),('10','BLDS','2021-12-29',85),('10','BP_HIGH','2015-12-20',130),('10','BP_HIGH','2016-12-20',125),('10','BP_HIGH','2018-11-26',132),('10','BP_HIGH','2019-12-19',142),('10','BP_HIGH','2019-12-31',104),('10','BP_HIGH','2021-12-29',124),('10','BP_LWST','2015-12-20',80),('10','BP_LWST','2016-12-20',75),('10','BP_LWST','2018-11-26',105),('10','BP_LWST','2019-12-19',87),('10','BP_LWST','2019-12-31',60),('10','BP_LWST','2021-12-29',83),('10','CREATININE','2015-12-20',1.1),('10','CREATININE','2016-12-20',0.9),('10','CREATININE','2018-11-26',0.9),('10','CREATININE','2019-12-19',0.7),('10','CREATININE','2019-12-31',1),('10','CREATININE','2021-12-29',0.6),('10','GAMMA_GTP','2015-12-20',23),('10','GAMMA_GTP','2016-12-20',41),('10','GAMMA_GTP','2018-11-26',16),('10','GAMMA_GTP','2019-12-19',15),('10','GAMMA_GTP','2019-12-31',23),('10','GAMMA_GTP','2021-12-29',10),('10','HDL_CHOLE','2015-12-20',33),('10','HDL_CHOLE','2016-12-20',45),('10','HDL_CHOLE','2018-11-26',60),('10','HMG','2015-12-20',15.2),('10','HMG','2016-12-20',16),('10','HMG','2018-11-26',13.9),('10','HMG','2019-12-19',11.7),('10','HMG','2019-12-31',13.7),('10','HMG','2021-12-29',13.2),('10','LDL_CHOLE','2015-12-20',74),('10','LDL_CHOLE','2016-12-20',157),('10','LDL_CHOLE','2018-11-26',118),('10','OLIG_PROTE_CD','2015-12-20',1),('10','OLIG_PROTE_CD','2016-12-20',1),('10','OLIG_PROTE_CD','2018-11-26',1),('10','OLIG_PROTE_CD','2019-12-19',1),('10','OLIG_PROTE_CD','2019-12-31',1),('10','OLIG_PROTE_CD','2021-12-29',1),('10','SGOT_AST','2015-12-20',18),('10','SGOT_AST','2016-12-20',20),('10','SGOT_AST','2018-11-26',21),('10','SGOT_AST','2019-12-19',25),('10','SGOT_AST','2019-12-31',33),('10','SGOT_AST','2021-12-29',22),('10','SGPT_ALT','2015-12-20',12),('10','SGPT_ALT','2016-12-20',22),('10','SGPT_ALT','2018-11-26',38),('10','SGPT_ALT','2019-12-19',18),('10','SGPT_ALT','2019-12-31',23),('10','SGPT_ALT','2021-12-29',11),('10','TOT_CHOLE','2015-12-20',140),('10','TOT_CHOLE','2016-12-20',243),('10','TOT_CHOLE','2018-11-26',195),('10','TRIGLYCERIDE','2015-12-20',161),('10','TRIGLYCERIDE','2016-12-20',205),('10','TRIGLYCERIDE','2018-11-26',83),('11','BLDS','2015-12-20',78),('11','BLDS','2016-12-20',91),('11','BLDS','2018-11-26',90),('11','BLDS','2019-12-19',92),('11','BLDS','2019-12-31',87),('11','BLDS','2021-12-29',92),('11','BP_HIGH','2015-12-20',110),('11','BP_HIGH','2016-12-20',100),('11','BP_HIGH','2018-11-26',118),('11','BP_HIGH','2019-12-19',110),('11','BP_HIGH','2019-12-31',140),('11','BP_HIGH','2021-12-29',128),('11','BP_LWST','2015-12-20',60),('11','BP_LWST','2016-12-20',63),('11','BP_LWST','2018-11-26',70),('11','BP_LWST','2019-12-19',70),('11','BP_LWST','2019-12-31',80),('11','BP_LWST','2021-12-29',70),('11','CREATININE','2015-12-20',0.9),('11','CREATININE','2016-12-20',0.8),('11','CREATININE','2018-11-26',0.8),('11','CREATININE','2019-12-19',0.6),('11','CREATININE','2019-12-31',1.1),('11','CREATININE','2021-12-29',0.7),('11','GAMMA_GTP','2015-12-20',10),('11','GAMMA_GTP','2016-12-20',12),('11','GAMMA_GTP','2018-11-26',19),('11','GAMMA_GTP','2019-12-19',19),('11','GAMMA_GTP','2019-12-31',37),('11','GAMMA_GTP','2021-12-29',12),('11','HDL_CHOLE','2015-12-20',29),('11','HDL_CHOLE','2016-12-20',58),('11','HDL_CHOLE','2018-11-26',42),('11','HDL_CHOLE','2019-12-19',53),('11','HDL_CHOLE','2019-12-31',42),('11','HDL_CHOLE','2021-12-29',32),('11','HMG','2015-12-20',10),('11','HMG','2016-12-20',12),('11','HMG','2018-11-26',12.9),('11','HMG','2019-12-19',13.4),('11','HMG','2019-12-31',13.9),('11','HMG','2021-12-29',13),('11','LDL_CHOLE','2015-12-20',30),('11','LDL_CHOLE','2016-12-20',107),('11','LDL_CHOLE','2018-11-26',130),('11','LDL_CHOLE','2019-12-19',68),('11','LDL_CHOLE','2019-12-31',122),('11','LDL_CHOLE','2021-12-29',85),('11','OLIG_PROTE_CD','2015-12-20',1),('11','OLIG_PROTE_CD','2016-12-20',1),('11','OLIG_PROTE_CD','2018-11-26',1),('11','OLIG_PROTE_CD','2019-12-19',3),('11','OLIG_PROTE_CD','2019-12-31',1),('11','OLIG_PROTE_CD','2021-12-29',1),('11','SGOT_AST','2015-12-20',20),('11','SGOT_AST','2016-12-20',19),('11','SGOT_AST','2018-11-26',19),('11','SGOT_AST','2019-12-19',21),('11','SGOT_AST','2019-12-31',21),('11','SGOT_AST','2021-12-29',24),('11','SGPT_ALT','2015-12-20',9),('11','SGPT_ALT','2016-12-20',18),('11','SGPT_ALT','2018-11-26',14),('11','SGPT_ALT','2019-12-19',18),('11','SGPT_ALT','2019-12-31',22),('11','SGPT_ALT','2021-12-29',22),('11','TOT_CHOLE','2015-12-20',72),('11','TOT_CHOLE','2016-12-20',175),('11','TOT_CHOLE','2018-11-26',183),('11','TOT_CHOLE','2019-12-19',134),('11','TOT_CHOLE','2019-12-31',193),('11','TOT_CHOLE','2021-12-29',152),('11','TRIGLYCERIDE','2015-12-20',65),('11','TRIGLYCERIDE','2016-12-20',46),('11','TRIGLYCERIDE','2018-11-26',55),('11','TRIGLYCERIDE','2019-12-19',64),('11','TRIGLYCERIDE','2019-12-31',144),('11','TRIGLYCERIDE','2021-12-29',175),('12','BLDS','2015-12-20',122),('12','BLDS','2016-12-20',89),('12','BLDS','2018-11-26',137),('12','BLDS','2019-12-19',117),('12','BLDS','2019-12-31',87),('12','BLDS','2021-12-29',90),('12','BP_HIGH','2015-12-20',128),('12','BP_HIGH','2016-12-20',169),('12','BP_HIGH','2018-11-26',109),('12','BP_HIGH','2019-12-19',144),('12','BP_HIGH','2019-12-31',136),('12','BP_HIGH','2021-12-29',100),('12','BP_LWST','2015-12-20',78),('12','BP_LWST','2016-12-20',68),('12','BP_LWST','2018-11-26',69),('12','BP_LWST','2019-12-19',88),('12','BP_LWST','2019-12-31',78),('12','BP_LWST','2021-12-29',68),('12','CREATININE','2015-12-20',0.6),('12','CREATININE','2016-12-20',1.2),('12','CREATININE','2018-11-26',1.3),('12','CREATININE','2019-12-19',1.2),('12','CREATININE','2019-12-31',1),('12','CREATININE','2021-12-29',0.6),('12','GAMMA_GTP','2015-12-20',88),('12','GAMMA_GTP','2016-12-20',15),('12','GAMMA_GTP','2018-11-26',42),('12','GAMMA_GTP','2019-12-19',77),('12','GAMMA_GTP','2019-12-31',32),('12','GAMMA_GTP','2021-12-29',24),('12','HDL_CHOLE','2015-12-20',77),('12','HDL_CHOLE','2016-12-20',53),('12','HDL_CHOLE','2018-11-26',31),('12','HDL_CHOLE','2019-12-19',83),('12','HMG','2015-12-20',14.1),('12','HMG','2016-12-20',11.9),('12','HMG','2018-11-26',16.5),('12','HMG','2019-12-19',15.3),('12','HMG','2019-12-31',14.9),('12','HMG','2021-12-29',12.5),('12','LDL_CHOLE','2015-12-20',125),('12','LDL_CHOLE','2016-12-20',99),('12','LDL_CHOLE','2018-11-26',57),('12','LDL_CHOLE','2019-12-19',112),('12','OLIG_PROTE_CD','2015-12-20',1),('12','OLIG_PROTE_CD','2016-12-20',1),('12','OLIG_PROTE_CD','2018-11-26',1),('12','OLIG_PROTE_CD','2019-12-19',1),('12','OLIG_PROTE_CD','2019-12-31',1),('12','OLIG_PROTE_CD','2021-12-29',1),('12','SGOT_AST','2015-12-20',24),('12','SGOT_AST','2016-12-20',18),('12','SGOT_AST','2018-11-26',48),('12','SGOT_AST','2019-12-19',21),('12','SGOT_AST','2019-12-31',24),('12','SGOT_AST','2021-12-29',31),('12','SGPT_ALT','2015-12-20',29),('12','SGPT_ALT','2016-12-20',9),('12','SGPT_ALT','2018-11-26',51),('12','SGPT_ALT','2019-12-19',34),('12','SGPT_ALT','2019-12-31',35),('12','SGPT_ALT','2021-12-29',23),('12','TOT_CHOLE','2015-12-20',241),('12','TOT_CHOLE','2016-12-20',184),('12','TOT_CHOLE','2018-11-26',115),('12','TOT_CHOLE','2019-12-19',222),('12','TRIGLYCERIDE','2015-12-20',194),('12','TRIGLYCERIDE','2016-12-20',156),('12','TRIGLYCERIDE','2018-11-26',137),('12','TRIGLYCERIDE','2019-12-19',137),('13','BLDS','2015-12-20',91),('13','BLDS','2016-12-20',82),('13','BLDS','2018-11-26',106),('13','BLDS','2019-12-19',145),('13','BLDS','2019-12-31',82),('13','BLDS','2021-12-29',114),('13','BP_HIGH','2015-12-20',139),('13','BP_HIGH','2016-12-20',101),('13','BP_HIGH','2018-11-26',130),('13','BP_HIGH','2019-12-19',144),('13','BP_HIGH','2019-12-31',123),('13','BP_HIGH','2021-12-29',130),('13','BP_LWST','2015-12-20',89),('13','BP_LWST','2016-12-20',63),('13','BP_LWST','2018-11-26',80),('13','BP_LWST','2019-12-19',91),('13','BP_LWST','2019-12-31',69),('13','BP_LWST','2021-12-29',80),('13','CREATININE','2015-12-20',0.7),('13','CREATININE','2016-12-20',0.7),('13','CREATININE','2018-11-26',0.8),('13','CREATININE','2019-12-19',0.7),('13','CREATININE','2019-12-31',0.8),('13','CREATININE','2021-12-29',0.8),('13','GAMMA_GTP','2015-12-20',19),('13','GAMMA_GTP','2016-12-20',11),('13','GAMMA_GTP','2018-11-26',31),('13','GAMMA_GTP','2019-12-19',62),('13','GAMMA_GTP','2019-12-31',39),('13','GAMMA_GTP','2021-12-29',41),('13','HDL_CHOLE','2015-12-20',71),('13','HDL_CHOLE','2016-12-20',79),('13','HDL_CHOLE','2018-11-26',51),('13','HDL_CHOLE','2019-12-31',43),('13','HMG','2015-12-20',14),('13','HMG','2016-12-20',12.1),('13','HMG','2018-11-26',13.1),('13','HMG','2019-12-19',14.1),('13','HMG','2019-12-31',13.9),('13','HMG','2021-12-29',14.9),('13','LDL_CHOLE','2015-12-20',146),('13','LDL_CHOLE','2016-12-20',114),('13','LDL_CHOLE','2018-11-26',89),('13','LDL_CHOLE','2019-12-31',176),('13','OLIG_PROTE_CD','2015-12-20',1),('13','OLIG_PROTE_CD','2016-12-20',1),('13','OLIG_PROTE_CD','2018-11-26',1),('13','OLIG_PROTE_CD','2019-12-19',1),('13','OLIG_PROTE_CD','2019-12-31',1),('13','OLIG_PROTE_CD','2021-12-29',1),('13','SGOT_AST','2015-12-20',28),('13','SGOT_AST','2016-12-20',25),('13','SGOT_AST','2018-11-26',20),('13','SGOT_AST','2019-12-19',24),('13','SGOT_AST','2019-12-31',22),('13','SGOT_AST','2021-12-29',21),('13','SGPT_ALT','2015-12-20',10),('13','SGPT_ALT','2016-12-20',10),('13','SGPT_ALT','2018-11-26',20),('13','SGPT_ALT','2019-12-19',14),('13','SGPT_ALT','2019-12-31',13),('13','SGPT_ALT','2021-12-29',21),('13','TOT_CHOLE','2015-12-20',239),('13','TOT_CHOLE','2016-12-20',216),('13','TOT_CHOLE','2018-11-26',183),('13','TOT_CHOLE','2019-12-31',252),('13','TRIGLYCERIDE','2015-12-20',110),('13','TRIGLYCERIDE','2016-12-20',114),('13','TRIGLYCERIDE','2018-11-26',214),('13','TRIGLYCERIDE','2019-12-31',163),('14','BLDS','2015-12-20',103),('14','BLDS','2016-12-20',104),('14','BLDS','2018-11-26',82),('14','BLDS','2019-12-19',141),('14','BLDS','2019-12-31',95),('14','BLDS','2021-12-29',93),('14','BP_HIGH','2015-12-20',140),('14','BP_HIGH','2016-12-20',130),('14','BP_HIGH','2018-11-26',118),('14','BP_HIGH','2019-12-19',110),('14','BP_HIGH','2019-12-31',126),('14','BP_HIGH','2021-12-29',143),('14','BP_LWST','2015-12-20',80),('14','BP_LWST','2016-12-20',70),('14','BP_LWST','2018-11-26',72),('14','BP_LWST','2019-12-19',65),('14','BP_LWST','2019-12-31',68),('14','BP_LWST','2021-12-29',94),('14','CREATININE','2015-12-20',0.9),('14','CREATININE','2016-12-20',1.1),('14','CREATININE','2018-11-26',0.9),('14','CREATININE','2019-12-19',0.9),('14','CREATININE','2019-12-31',0.7),('14','CREATININE','2021-12-29',0.9),('14','GAMMA_GTP','2015-12-20',26),('14','GAMMA_GTP','2016-12-20',43),('14','GAMMA_GTP','2018-11-26',19),('14','GAMMA_GTP','2019-12-19',76),('14','GAMMA_GTP','2019-12-31',26),('14','GAMMA_GTP','2021-12-29',15),('14','HDL_CHOLE','2015-12-20',43),('14','HDL_CHOLE','2016-12-20',52),('14','HDL_CHOLE','2018-11-26',55),('14','HMG','2015-12-20',13.7),('14','HMG','2016-12-20',14.8),('14','HMG','2018-11-26',15.7),('14','HMG','2019-12-19',14.9),('14','HMG','2019-12-31',12.6),('14','HMG','2021-12-29',12.8),('14','LDL_CHOLE','2015-12-20',97),('14','LDL_CHOLE','2016-12-20',108),('14','LDL_CHOLE','2018-11-26',129),('14','OLIG_PROTE_CD','2015-12-20',1),('14','OLIG_PROTE_CD','2016-12-20',1),('14','OLIG_PROTE_CD','2018-11-26',1),('14','OLIG_PROTE_CD','2019-12-19',1),('14','OLIG_PROTE_CD','2019-12-31',1),('14','OLIG_PROTE_CD','2021-12-29',1),('14','SGOT_AST','2015-12-20',28),('14','SGOT_AST','2016-12-20',28),('14','SGOT_AST','2018-11-26',13),('14','SGOT_AST','2019-12-19',34),('14','SGOT_AST','2019-12-31',29),('14','SGOT_AST','2021-12-29',24),('14','SGPT_ALT','2015-12-20',30),('14','SGPT_ALT','2016-12-20',20),('14','SGPT_ALT','2018-11-26',16),('14','SGPT_ALT','2019-12-19',81),('14','SGPT_ALT','2019-12-31',33),('14','SGPT_ALT','2021-12-29',22),('14','TOT_CHOLE','2015-12-20',174),('14','TOT_CHOLE','2016-12-20',207),('14','TOT_CHOLE','2018-11-26',200),('14','TRIGLYCERIDE','2015-12-20',166),('14','TRIGLYCERIDE','2016-12-20',236),('14','TRIGLYCERIDE','2018-11-26',77),('15','BLDS','2015-12-20',90),('15','BLDS','2016-12-20',119),('15','BLDS','2018-11-26',79),('15','BLDS','2019-12-19',92),('15','BLDS','2019-12-31',91),('15','BLDS','2021-12-29',96),('15','BP_HIGH','2015-12-20',131),('15','BP_HIGH','2016-12-20',148),('15','BP_HIGH','2018-11-26',129),('15','BP_HIGH','2019-12-19',121),('15','BP_HIGH','2019-12-31',100),('15','BP_HIGH','2021-12-29',122),('15','BP_LWST','2015-12-20',77),('15','BP_LWST','2016-12-20',82),('15','BP_LWST','2018-11-26',77),('15','BP_LWST','2019-12-19',64),('15','BP_LWST','2019-12-31',61),('15','BP_LWST','2021-12-29',76),('15','BP_LWST','2025-01-14',90),('15','CREATININE','2015-12-20',0.8),('15','CREATININE','2016-12-20',0.8),('15','CREATININE','2018-11-26',0.6),('15','CREATININE','2019-12-19',0.7),('15','CREATININE','2019-12-31',0.9),('15','CREATININE','2021-12-29',0.6),('15','GAMMA_GTP','2015-12-20',24),('15','GAMMA_GTP','2016-12-20',69),('15','GAMMA_GTP','2018-11-26',58),('15','GAMMA_GTP','2019-12-19',14),('15','GAMMA_GTP','2019-12-31',8),('15','GAMMA_GTP','2021-12-29',18),('15','HDL_CHOLE','2015-12-20',50),('15','HDL_CHOLE','2016-12-20',42),('15','HDL_CHOLE','2018-11-26',53),('15','HDL_CHOLE','2019-12-19',53),('15','HMG','2015-12-20',13.9),('15','HMG','2016-12-20',12.7),('15','HMG','2018-11-26',14.5),('15','HMG','2019-12-19',13.8),('15','HMG','2019-12-31',13.1),('15','HMG','2021-12-29',12.9),('15','LDL_CHOLE','2015-12-20',193),('15','LDL_CHOLE','2016-12-20',134),('15','LDL_CHOLE','2018-11-26',108),('15','LDL_CHOLE','2019-12-19',83),('15','OLIG_PROTE_CD','2015-12-20',1),('15','OLIG_PROTE_CD','2016-12-20',1),('15','OLIG_PROTE_CD','2018-11-26',1),('15','OLIG_PROTE_CD','2019-12-19',1),('15','OLIG_PROTE_CD','2019-12-31',1),('15','OLIG_PROTE_CD','2021-12-29',1),('15','SGOT_AST','2015-12-20',25),('15','SGOT_AST','2016-12-20',45),('15','SGOT_AST','2018-11-26',21),('15','SGOT_AST','2019-12-19',19),('15','SGOT_AST','2019-12-31',17),('15','SGOT_AST','2021-12-29',28),('15','SGPT_ALT','2015-12-20',19),('15','SGPT_ALT','2016-12-20',37),('15','SGPT_ALT','2018-11-26',24),('15','SGPT_ALT','2019-12-19',15),('15','SGPT_ALT','2019-12-31',14),('15','SGPT_ALT','2021-12-29',25),('15','TOT_CHOLE','2015-12-20',283),('15','TOT_CHOLE','2016-12-20',220),('15','TOT_CHOLE','2018-11-26',205),('15','TOT_CHOLE','2019-12-19',146),('15','TRIGLYCERIDE','2015-12-20',202),('15','TRIGLYCERIDE','2016-12-20',219),('15','TRIGLYCERIDE','2018-11-26',219),('15','TRIGLYCERIDE','2019-12-19',49),('16','BLDS','2015-12-20',98),('16','BLDS','2016-12-20',75),('16','BLDS','2018-11-26',104),('16','BLDS','2019-12-19',103),('16','BLDS','2019-12-31',110),('16','BLDS','2021-12-29',100),('16','BP_HIGH','2015-12-20',97),('16','BP_HIGH','2016-12-20',110),('16','BP_HIGH','2018-11-26',113),('16','BP_HIGH','2019-12-19',135),('16','BP_HIGH','2019-12-31',118),('16','BP_HIGH','2021-12-29',121),('16','BP_LWST','2015-12-20',61),('16','BP_LWST','2016-12-20',70),('16','BP_LWST','2018-11-26',72),('16','BP_LWST','2019-12-19',91),('16','BP_LWST','2019-12-31',72),('16','BP_LWST','2021-12-29',73),('16','CREATININE','2015-12-20',1.1),('16','CREATININE','2016-12-20',0.4),('16','CREATININE','2018-11-26',0.9),('16','CREATININE','2019-12-19',1),('16','CREATININE','2019-12-31',0.7),('16','CREATININE','2021-12-29',0.9),('16','GAMMA_GTP','2015-12-20',41),('16','GAMMA_GTP','2016-12-20',12),('16','GAMMA_GTP','2018-11-26',12),('16','GAMMA_GTP','2019-12-19',16),('16','GAMMA_GTP','2019-12-31',14),('16','GAMMA_GTP','2021-12-29',48),('16','HDL_CHOLE','2015-12-20',45),('16','HDL_CHOLE','2016-12-20',45),('16','HDL_CHOLE','2018-11-26',44),('16','HDL_CHOLE','2019-12-19',50),('16','HMG','2015-12-20',12),('16','HMG','2016-12-20',9),('16','HMG','2018-11-26',16),('16','HMG','2019-12-19',14.6),('16','HMG','2019-12-31',12.5),('16','HMG','2021-12-29',14.5),('16','LDL_CHOLE','2015-12-20',86),('16','LDL_CHOLE','2016-12-20',71),('16','LDL_CHOLE','2018-11-26',62),('16','LDL_CHOLE','2019-12-19',119),('16','OLIG_PROTE_CD','2015-12-20',1),('16','OLIG_PROTE_CD','2016-12-20',1),('16','OLIG_PROTE_CD','2018-11-26',2),('16','OLIG_PROTE_CD','2019-12-19',1),('16','OLIG_PROTE_CD','2019-12-31',3),('16','OLIG_PROTE_CD','2021-12-29',1),('16','SGOT_AST','2015-12-20',27),('16','SGOT_AST','2016-12-20',16),('16','SGOT_AST','2018-11-26',15),('16','SGOT_AST','2019-12-19',20),('16','SGOT_AST','2019-12-31',16),('16','SGOT_AST','2021-12-29',23),('16','SGPT_ALT','2015-12-20',40),('16','SGPT_ALT','2016-12-20',5),('16','SGPT_ALT','2018-11-26',10),('16','SGPT_ALT','2019-12-19',20),('16','SGPT_ALT','2019-12-31',15),('16','SGPT_ALT','2021-12-29',26),('16','TOT_CHOLE','2015-12-20',145),('16','TOT_CHOLE','2016-12-20',134),('16','TOT_CHOLE','2018-11-26',113),('16','TOT_CHOLE','2019-12-19',189),('16','TRIGLYCERIDE','2015-12-20',67),('16','TRIGLYCERIDE','2016-12-20',90),('16','TRIGLYCERIDE','2018-11-26',35),('16','TRIGLYCERIDE','2019-12-19',98),('17','BLDS','2015-12-20',72),('17','BLDS','2016-12-20',103),('17','BLDS','2018-11-26',96),('17','BLDS','2019-12-19',96),('17','BLDS','2019-12-31',86),('17','BLDS','2021-12-29',94),('17','BP_HIGH','2015-12-20',120),('17','BP_HIGH','2016-12-20',130),('17','BP_HIGH','2018-11-26',126),('17','BP_HIGH','2019-12-19',129),('17','BP_HIGH','2019-12-31',110),('17','BP_HIGH','2021-12-29',138),('17','BP_LWST','2015-12-20',80),('17','BP_LWST','2016-12-20',80),('17','BP_LWST','2018-11-26',78),('17','BP_LWST','2019-12-19',73),('17','BP_LWST','2019-12-31',70),('17','BP_LWST','2021-12-29',88),('17','CREATININE','2015-12-20',0.7),('17','CREATININE','2016-12-20',0.6),('17','CREATININE','2018-11-26',0.5),('17','CREATININE','2019-12-19',0.8),('17','CREATININE','2019-12-31',0.8),('17','CREATININE','2021-12-29',1),('17','GAMMA_GTP','2015-12-20',11),('17','GAMMA_GTP','2016-12-20',27),('17','GAMMA_GTP','2018-11-26',9),('17','GAMMA_GTP','2019-12-19',16),('17','GAMMA_GTP','2019-12-31',11),('17','GAMMA_GTP','2021-12-29',24),('17','HDL_CHOLE','2015-12-20',34),('17','HDL_CHOLE','2016-12-20',42),('17','HDL_CHOLE','2018-11-26',54),('17','HDL_CHOLE','2019-12-19',69),('17','HDL_CHOLE','2021-12-29',46),('17','HMG','2015-12-20',6.7),('17','HMG','2016-12-20',11.5),('17','HMG','2018-11-26',12.3),('17','HMG','2019-12-19',14.3),('17','HMG','2019-12-31',13.6),('17','HMG','2021-12-29',16.6),('17','LDL_CHOLE','2015-12-20',100),('17','LDL_CHOLE','2016-12-20',68),('17','LDL_CHOLE','2018-11-26',82),('17','LDL_CHOLE','2019-12-19',139),('17','LDL_CHOLE','2021-12-29',111),('17','OLIG_PROTE_CD','2015-12-20',1),('17','OLIG_PROTE_CD','2016-12-20',1),('17','OLIG_PROTE_CD','2018-11-26',1),('17','OLIG_PROTE_CD','2019-12-19',1),('17','OLIG_PROTE_CD','2019-12-31',1),('17','OLIG_PROTE_CD','2021-12-29',1),('17','SGOT_AST','2015-12-20',19),('17','SGOT_AST','2016-12-20',27),('17','SGOT_AST','2018-11-26',12),('17','SGOT_AST','2019-12-19',19),('17','SGOT_AST','2019-12-31',10),('17','SGOT_AST','2021-12-29',29),('17','SGPT_ALT','2015-12-20',7),('17','SGPT_ALT','2016-12-20',18),('17','SGPT_ALT','2018-11-26',7),('17','SGPT_ALT','2019-12-19',14),('17','SGPT_ALT','2019-12-31',16),('17','SGPT_ALT','2021-12-29',54),('17','TOT_CHOLE','2015-12-20',163),('17','TOT_CHOLE','2016-12-20',125),('17','TOT_CHOLE','2018-11-26',148),('17','TOT_CHOLE','2019-12-19',232),('17','TOT_CHOLE','2021-12-29',223),('17','TRIGLYCERIDE','2015-12-20',142),('17','TRIGLYCERIDE','2016-12-20',72),('17','TRIGLYCERIDE','2018-11-26',60),('17','TRIGLYCERIDE','2019-12-19',116),('17','TRIGLYCERIDE','2021-12-29',328),('18','BLDS','2015-12-20',91),('18','BLDS','2016-12-20',96),('18','BLDS','2018-11-26',100),('18','BLDS','2019-12-19',183),('18','BLDS','2019-12-31',88),('18','BLDS','2021-12-29',107),('18','BP_HIGH','2015-12-20',110),('18','BP_HIGH','2016-12-20',170),('18','BP_HIGH','2018-11-26',119),('18','BP_HIGH','2019-12-19',129),('18','BP_HIGH','2019-12-31',100),('18','BP_HIGH','2021-12-29',155),('18','BP_LWST','2015-12-20',80),('18','BP_LWST','2016-12-20',70),('18','BP_LWST','2018-11-26',67),('18','BP_LWST','2019-12-19',89),('18','BP_LWST','2019-12-31',62),('18','BP_LWST','2021-12-29',94),('18','CREATININE','2015-12-20',1.4),('18','CREATININE','2016-12-20',0.9),('18','CREATININE','2018-11-26',0.9),('18','CREATININE','2019-12-19',1.3),('18','CREATININE','2019-12-31',0.9),('18','CREATININE','2021-12-29',0.7),('18','GAMMA_GTP','2015-12-20',39),('18','GAMMA_GTP','2016-12-20',13),('18','GAMMA_GTP','2018-11-26',13),('18','GAMMA_GTP','2019-12-19',36),('18','GAMMA_GTP','2019-12-31',10),('18','GAMMA_GTP','2021-12-29',38),('18','HDL_CHOLE','2015-12-20',55),('18','HDL_CHOLE','2016-12-20',77),('18','HDL_CHOLE','2018-11-26',51),('18','HDL_CHOLE','2021-12-29',83),('18','HMG','2015-12-20',14.5),('18','HMG','2016-12-20',9.6),('18','HMG','2018-11-26',14.8),('18','HMG','2019-12-19',16.2),('18','HMG','2019-12-31',13),('18','HMG','2021-12-29',14.3),('18','LDL_CHOLE','2015-12-20',136),('18','LDL_CHOLE','2016-12-20',148),('18','LDL_CHOLE','2018-11-26',85),('18','LDL_CHOLE','2021-12-29',242),('18','OLIG_PROTE_CD','2015-12-20',1),('18','OLIG_PROTE_CD','2016-12-20',4),('18','OLIG_PROTE_CD','2018-11-26',1),('18','OLIG_PROTE_CD','2019-12-19',3),('18','OLIG_PROTE_CD','2019-12-31',1),('18','OLIG_PROTE_CD','2021-12-29',1),('18','SGOT_AST','2015-12-20',23),('18','SGOT_AST','2016-12-20',16),('18','SGOT_AST','2018-11-26',33),('18','SGOT_AST','2019-12-19',24),('18','SGOT_AST','2019-12-31',23),('18','SGOT_AST','2021-12-29',27),('18','SGPT_ALT','2015-12-20',17),('18','SGPT_ALT','2016-12-20',10),('18','SGPT_ALT','2018-11-26',17),('18','SGPT_ALT','2019-12-19',29),('18','SGPT_ALT','2019-12-31',14),('18','SGPT_ALT','2021-12-29',21),('18','TOT_CHOLE','2015-12-20',213),('18','TOT_CHOLE','2016-12-20',261),('18','TOT_CHOLE','2018-11-26',147),('18','TOT_CHOLE','2021-12-29',373),('18','TRIGLYCERIDE','2015-12-20',110),('18','TRIGLYCERIDE','2016-12-20',177),('18','TRIGLYCERIDE','2018-11-26',54),('18','TRIGLYCERIDE','2021-12-29',241),('19','BLDS','2015-12-20',84),('19','BLDS','2016-12-20',80),('19','BLDS','2018-11-26',99),('19','BLDS','2019-12-19',99),('19','BLDS','2019-12-31',125),('19','BLDS','2021-12-29',85),('19','BP_HIGH','2015-12-20',150),('19','BP_HIGH','2016-12-20',130),('19','BP_HIGH','2018-11-26',121),('19','BP_HIGH','2019-12-19',150),('19','BP_HIGH','2019-12-31',144),('19','BP_HIGH','2021-12-29',136),('19','BP_LWST','2015-12-20',90),('19','BP_LWST','2016-12-20',80),('19','BP_LWST','2018-11-26',74),('19','BP_LWST','2019-12-19',90),('19','BP_LWST','2019-12-31',87),('19','BP_LWST','2021-12-29',86),('19','CREATININE','2015-12-20',1.2),('19','CREATININE','2016-12-20',1),('19','CREATININE','2018-11-26',1.2),('19','CREATININE','2019-12-19',0.9),('19','CREATININE','2019-12-31',0.8),('19','CREATININE','2021-12-29',1),('19','GAMMA_GTP','2015-12-20',31),('19','GAMMA_GTP','2016-12-20',7),('19','GAMMA_GTP','2018-11-26',60),('19','GAMMA_GTP','2019-12-19',27),('19','GAMMA_GTP','2019-12-31',30),('19','GAMMA_GTP','2021-12-29',76),('19','HDL_CHOLE','2015-12-20',50),('19','HDL_CHOLE','2016-12-20',37),('19','HDL_CHOLE','2018-11-26',43),('19','HDL_CHOLE','2019-12-19',60),('19','HMG','2015-12-20',17.8),('19','HMG','2016-12-20',12.2),('19','HMG','2018-11-26',14.4),('19','HMG','2019-12-19',14.3),('19','HMG','2019-12-31',12.9),('19','HMG','2021-12-29',15.1),('19','LDL_CHOLE','2015-12-20',103),('19','LDL_CHOLE','2016-12-20',97),('19','LDL_CHOLE','2018-11-26',103),('19','LDL_CHOLE','2019-12-19',83),('19','OLIG_PROTE_CD','2015-12-20',1),('19','OLIG_PROTE_CD','2016-12-20',1),('19','OLIG_PROTE_CD','2018-11-26',1),('19','OLIG_PROTE_CD','2019-12-19',1),('19','OLIG_PROTE_CD','2019-12-31',1),('19','OLIG_PROTE_CD','2021-12-29',1),('19','SGOT_AST','2015-12-20',28),('19','SGOT_AST','2016-12-20',16),('19','SGOT_AST','2018-11-26',41),('19','SGOT_AST','2019-12-19',25),('19','SGOT_AST','2019-12-31',47),('19','SGOT_AST','2021-12-29',17),('19','SGPT_ALT','2015-12-20',9),('19','SGPT_ALT','2016-12-20',6),('19','SGPT_ALT','2018-11-26',51),('19','SGPT_ALT','2019-12-19',22),('19','SGPT_ALT','2019-12-31',79),('19','SGPT_ALT','2021-12-29',18),('19','TOT_CHOLE','2015-12-20',183),('19','TOT_CHOLE','2016-12-20',151),('19','TOT_CHOLE','2018-11-26',180),('19','TOT_CHOLE','2019-12-19',176),('19','TRIGLYCERIDE','2015-12-20',147),('19','TRIGLYCERIDE','2016-12-20',85),('19','TRIGLYCERIDE','2018-11-26',169),('19','TRIGLYCERIDE','2019-12-19',167),('2','BLDS','2015-12-20',89),('2','BLDS','2016-12-20',179),('2','BLDS','2018-11-26',106),('2','BLDS','2019-12-19',79),('2','BLDS','2019-12-31',89),('2','BLDS','2021-12-29',87),('2','BLDS','2025-01-28',130),('2','BP_HIGH','2015-12-20',132),('2','BP_HIGH','2016-12-20',130),('2','BP_HIGH','2018-11-26',130),('2','BP_HIGH','2019-12-19',128),('2','BP_HIGH','2019-12-31',114),('2','BP_HIGH','2021-12-29',110),('2','BP_LWST','2015-12-20',85),('2','BP_LWST','2016-12-20',80),('2','BP_LWST','2018-11-26',82),('2','BP_LWST','2019-12-19',78),('2','BP_LWST','2019-12-31',76),('2','BP_LWST','2021-12-29',73),('2','CREATININE','2015-12-20',0.8),('2','CREATININE','2016-12-20',1),('2','CREATININE','2018-11-26',0.9),('2','CREATININE','2019-12-19',1),('2','CREATININE','2019-12-31',0.5),('2','CREATININE','2021-12-29',0.5),('2','GAMMA_GTP','2015-12-20',29),('2','GAMMA_GTP','2016-12-20',41),('2','GAMMA_GTP','2018-11-26',27),('2','GAMMA_GTP','2019-12-19',47),('2','GAMMA_GTP','2019-12-31',13),('2','GAMMA_GTP','2021-12-29',15),('2','HDL_CHOLE','2015-12-20',50),('2','HDL_CHOLE','2016-12-20',53),('2','HDL_CHOLE','2018-11-26',55),('2','HMG','2015-12-20',10.7),('2','HMG','2016-12-20',13.5),('2','HMG','2018-11-26',15.8),('2','HMG','2019-12-19',15.9),('2','HMG','2019-12-31',14),('2','HMG','2021-12-29',12.7),('2','LDL_CHOLE','2015-12-20',87),('2','LDL_CHOLE','2016-12-20',79),('2','LDL_CHOLE','2018-11-26',148),('2','OLIG_PROTE_CD','2015-12-20',1),('2','OLIG_PROTE_CD','2016-12-20',1),('2','OLIG_PROTE_CD','2018-11-26',1),('2','OLIG_PROTE_CD','2019-12-19',1),('2','OLIG_PROTE_CD','2019-12-31',1),('2','OLIG_PROTE_CD','2021-12-29',1),('2','SGOT_AST','2015-12-20',33),('2','SGOT_AST','2016-12-20',25),('2','SGOT_AST','2018-11-26',20),('2','SGOT_AST','2019-12-19',35),('2','SGOT_AST','2019-12-31',15),('2','SGOT_AST','2021-12-29',18),('2','SGPT_ALT','2015-12-20',35),('2','SGPT_ALT','2016-12-20',30),('2','SGPT_ALT','2018-11-26',36),('2','SGPT_ALT','2019-12-19',45),('2','SGPT_ALT','2019-12-31',8),('2','SGPT_ALT','2021-12-29',15),('2','TOT_CHOLE','2015-12-20',144),('2','TOT_CHOLE','2016-12-20',162),('2','TOT_CHOLE','2018-11-26',228),('2','TOT_CHOLE','2025-01-27',201),('2','TRIGLYCERIDE','2015-12-20',34),('2','TRIGLYCERIDE','2016-12-20',150),('2','TRIGLYCERIDE','2018-11-26',121),('20','BLDS','2015-12-20',113),('20','BLDS','2016-12-20',93),('20','BLDS','2018-11-26',105),('20','BLDS','2019-12-19',102),('20','BLDS','2019-12-31',97),('20','BLDS','2021-12-29',92),('20','BP_HIGH','2015-12-20',122),('20','BP_HIGH','2016-12-20',98),('20','BP_HIGH','2018-11-26',120),('20','BP_HIGH','2019-12-19',128),('20','BP_HIGH','2019-12-31',98),('20','BP_HIGH','2021-12-29',130),('20','BP_LWST','2015-12-20',82),('20','BP_LWST','2016-12-20',55),('20','BP_LWST','2018-11-26',85),('20','BP_LWST','2019-12-19',88),('20','BP_LWST','2019-12-31',70),('20','BP_LWST','2021-12-29',74),('20','CREATININE','2015-12-20',1),('20','CREATININE','2016-12-20',1),('20','CREATININE','2018-11-26',1),('20','CREATININE','2019-12-19',0.7),('20','CREATININE','2019-12-31',0.8),('20','CREATININE','2021-12-29',0.8),('20','GAMMA_GTP','2015-12-20',11),('20','GAMMA_GTP','2016-12-20',14),('20','GAMMA_GTP','2018-11-26',48),('20','GAMMA_GTP','2019-12-19',53),('20','GAMMA_GTP','2019-12-31',8),('20','GAMMA_GTP','2021-12-29',35),('20','HDL_CHOLE','2015-12-20',47),('20','HDL_CHOLE','2016-12-20',38),('20','HDL_CHOLE','2018-11-26',42),('20','HDL_CHOLE','2019-12-19',44),('20','HDL_CHOLE','2019-12-31',53),('20','HMG','2015-12-20',12.5),('20','HMG','2016-12-20',13),('20','HMG','2018-11-26',15.2),('20','HMG','2019-12-19',14.7),('20','HMG','2019-12-31',14.1),('20','HMG','2021-12-29',13.2),('20','LDL_CHOLE','2015-12-20',60),('20','LDL_CHOLE','2016-12-20',144),('20','LDL_CHOLE','2018-11-26',111),('20','LDL_CHOLE','2019-12-19',138),('20','LDL_CHOLE','2019-12-31',118),('20','OLIG_PROTE_CD','2015-12-20',1),('20','OLIG_PROTE_CD','2016-12-20',1),('20','OLIG_PROTE_CD','2018-11-26',1),('20','OLIG_PROTE_CD','2019-12-19',1),('20','OLIG_PROTE_CD','2019-12-31',1),('20','OLIG_PROTE_CD','2021-12-29',1),('20','SGOT_AST','2015-12-20',26),('20','SGOT_AST','2016-12-20',17),('20','SGOT_AST','2018-11-26',19),('20','SGOT_AST','2019-12-19',36),('20','SGOT_AST','2019-12-31',16),('20','SGOT_AST','2021-12-29',20),('20','SGPT_ALT','2015-12-20',16),('20','SGPT_ALT','2016-12-20',11),('20','SGPT_ALT','2018-11-26',20),('20','SGPT_ALT','2019-12-19',40),('20','SGPT_ALT','2019-12-31',16),('20','SGPT_ALT','2021-12-29',12),('20','TOT_CHOLE','2015-12-20',135),('20','TOT_CHOLE','2016-12-20',206),('20','TOT_CHOLE','2018-11-26',197),('20','TOT_CHOLE','2019-12-19',227),('20','TOT_CHOLE','2019-12-31',203),('20','TRIGLYCERIDE','2015-12-20',140),('20','TRIGLYCERIDE','2016-12-20',119),('20','TRIGLYCERIDE','2018-11-26',222),('20','TRIGLYCERIDE','2019-12-19',227),('20','TRIGLYCERIDE','2019-12-31',161),('21','BLDS','2015-12-20',105),('21','BLDS','2016-12-20',87),('21','BLDS','2018-11-26',88),('21','BLDS','2019-12-19',98),('21','BLDS','2019-12-31',97),('21','BLDS','2021-12-29',103),('21','BP_HIGH','2015-12-20',110),('21','BP_HIGH','2016-12-20',115),('21','BP_HIGH','2018-11-26',111),('21','BP_HIGH','2019-12-19',124),('21','BP_HIGH','2019-12-31',120),('21','BP_HIGH','2021-12-29',140),('21','BP_LWST','2015-12-20',70),('21','BP_LWST','2016-12-20',80),('21','BP_LWST','2018-11-26',65),('21','BP_LWST','2019-12-19',84),('21','BP_LWST','2019-12-31',70),('21','BP_LWST','2021-12-29',60),('21','CREATININE','2015-12-20',1.1),('21','CREATININE','2016-12-20',2.5),('21','CREATININE','2018-11-26',0.9),('21','CREATININE','2019-12-19',1),('21','CREATININE','2019-12-31',0.6),('21','CREATININE','2021-12-29',0.8),('21','GAMMA_GTP','2015-12-20',8),('21','GAMMA_GTP','2016-12-20',15),('21','GAMMA_GTP','2018-11-26',18),('21','GAMMA_GTP','2019-12-19',19),('21','GAMMA_GTP','2019-12-31',12),('21','GAMMA_GTP','2021-12-29',47),('21','HDL_CHOLE','2015-12-20',64),('21','HDL_CHOLE','2016-12-20',29),('21','HDL_CHOLE','2018-11-26',66),('21','HDL_CHOLE','2019-12-19',39),('21','HMG','2015-12-20',14),('21','HMG','2016-12-20',11.3),('21','HMG','2018-11-26',12.1),('21','HMG','2019-12-19',14.4),('21','HMG','2019-12-31',11.6),('21','HMG','2021-12-29',13),('21','LDL_CHOLE','2015-12-20',110),('21','LDL_CHOLE','2016-12-20',85),('21','LDL_CHOLE','2018-11-26',98),('21','LDL_CHOLE','2019-12-19',111),('21','OLIG_PROTE_CD','2015-12-20',1),('21','OLIG_PROTE_CD','2016-12-20',1),('21','OLIG_PROTE_CD','2018-11-26',1),('21','OLIG_PROTE_CD','2019-12-19',1),('21','OLIG_PROTE_CD','2019-12-31',1),('21','OLIG_PROTE_CD','2021-12-29',1),('21','SGOT_AST','2015-12-20',17),('21','SGOT_AST','2016-12-20',10),('21','SGOT_AST','2018-11-26',19),('21','SGOT_AST','2019-12-19',16),('21','SGOT_AST','2019-12-31',12),('21','SGOT_AST','2021-12-29',36),('21','SGPT_ALT','2015-12-20',5),('21','SGPT_ALT','2016-12-20',5),('21','SGPT_ALT','2018-11-26',13),('21','SGPT_ALT','2019-12-19',16),('21','SGPT_ALT','2019-12-31',7),('21','SGPT_ALT','2021-12-29',27),('21','TOT_CHOLE','2015-12-20',188),('21','TOT_CHOLE','2016-12-20',139),('21','TOT_CHOLE','2018-11-26',174),('21','TOT_CHOLE','2019-12-19',180),('21','TRIGLYCERIDE','2015-12-20',66),('21','TRIGLYCERIDE','2016-12-20',123),('21','TRIGLYCERIDE','2018-11-26',46),('21','TRIGLYCERIDE','2019-12-19',146),('22','BLDS','2015-12-20',118),('22','BLDS','2016-12-20',100),('22','BLDS','2018-11-26',95),('22','BLDS','2019-12-19',107),('22','BLDS','2019-12-31',101),('22','BLDS','2021-12-29',94),('22','BP_HIGH','2015-12-20',140),('22','BP_HIGH','2016-12-20',130),('22','BP_HIGH','2018-11-26',130),('22','BP_HIGH','2019-12-19',118),('22','BP_HIGH','2019-12-31',121),('22','BP_HIGH','2021-12-29',114),('22','BP_LWST','2015-12-20',80),('22','BP_LWST','2016-12-20',70),('22','BP_LWST','2018-11-26',76),('22','BP_LWST','2019-12-19',64),('22','BP_LWST','2019-12-31',74),('22','BP_LWST','2021-12-29',73),('22','CREATININE','2015-12-20',0.8),('22','CREATININE','2016-12-20',1.4),('22','CREATININE','2018-11-26',1.2),('22','CREATININE','2019-12-19',0.4),('22','CREATININE','2019-12-31',1),('22','CREATININE','2021-12-29',0.8),('22','GAMMA_GTP','2015-12-20',222),('22','GAMMA_GTP','2016-12-20',13),('22','GAMMA_GTP','2018-11-26',32),('22','GAMMA_GTP','2019-12-19',24),('22','GAMMA_GTP','2019-12-31',22),('22','GAMMA_GTP','2021-12-29',12),('22','HDL_CHOLE','2015-12-20',71),('22','HDL_CHOLE','2016-12-20',55),('22','HDL_CHOLE','2018-11-26',62),('22','HDL_CHOLE','2021-12-29',55),('22','HMG','2015-12-20',15.1),('22','HMG','2016-12-20',11.1),('22','HMG','2018-11-26',16.7),('22','HMG','2019-12-19',10.9),('22','HMG','2019-12-31',15),('22','HMG','2021-12-29',11.8),('22','LDL_CHOLE','2015-12-20',195),('22','LDL_CHOLE','2016-12-20',107),('22','LDL_CHOLE','2018-11-26',134),('22','LDL_CHOLE','2021-12-29',182),('22','OLIG_PROTE_CD','2015-12-20',1),('22','OLIG_PROTE_CD','2016-12-20',1),('22','OLIG_PROTE_CD','2018-11-26',1),('22','OLIG_PROTE_CD','2019-12-19',1),('22','OLIG_PROTE_CD','2019-12-31',1),('22','OLIG_PROTE_CD','2021-12-29',1),('22','SGOT_AST','2015-12-20',47),('22','SGOT_AST','2016-12-20',31),('22','SGOT_AST','2018-11-26',28),('22','SGOT_AST','2019-12-19',15),('22','SGOT_AST','2019-12-31',20),('22','SGOT_AST','2021-12-29',24),('22','SGPT_ALT','2015-12-20',47),('22','SGPT_ALT','2016-12-20',19),('22','SGPT_ALT','2018-11-26',30),('22','SGPT_ALT','2019-12-19',11),('22','SGPT_ALT','2019-12-31',15),('22','SGPT_ALT','2021-12-29',14),('22','TOT_CHOLE','2015-12-20',294),('22','TOT_CHOLE','2016-12-20',214),('22','TOT_CHOLE','2018-11-26',207),('22','TOT_CHOLE','2021-12-29',254),('22','TRIGLYCERIDE','2015-12-20',135),('22','TRIGLYCERIDE','2016-12-20',254),('22','TRIGLYCERIDE','2018-11-26',57),('22','TRIGLYCERIDE','2021-12-29',85),('23','BLDS','2015-12-20',106),('23','BLDS','2016-12-20',97),('23','BLDS','2018-11-26',111),('23','BLDS','2019-12-19',95),('23','BLDS','2019-12-31',96),('23','BLDS','2021-12-29',93),('23','BP_HIGH','2015-12-20',105),('23','BP_HIGH','2016-12-20',130),('23','BP_HIGH','2018-11-26',109),('23','BP_HIGH','2019-12-19',130),('23','BP_HIGH','2019-12-31',157),('23','BP_HIGH','2021-12-29',120),('23','BP_LWST','2015-12-20',65),('23','BP_LWST','2016-12-20',80),('23','BP_LWST','2018-11-26',64),('23','BP_LWST','2019-12-19',90),('23','BP_LWST','2019-12-31',98),('23','BP_LWST','2021-12-29',80),('23','CREATININE','2015-12-20',0.8),('23','CREATININE','2016-12-20',0.9),('23','CREATININE','2018-11-26',0.7),('23','CREATININE','2019-12-19',0.8),('23','CREATININE','2019-12-31',0.6),('23','CREATININE','2021-12-29',0.8),('23','GAMMA_GTP','2015-12-20',21),('23','GAMMA_GTP','2016-12-20',13),('23','GAMMA_GTP','2018-11-26',60),('23','GAMMA_GTP','2019-12-19',12),('23','GAMMA_GTP','2019-12-31',25),('23','GAMMA_GTP','2021-12-29',13),('23','HDL_CHOLE','2015-12-20',47),('23','HDL_CHOLE','2016-12-20',52),('23','HDL_CHOLE','2018-11-26',39),('23','HDL_CHOLE','2019-12-19',72),('23','HDL_CHOLE','2019-12-31',57),('23','HMG','2015-12-20',13.8),('23','HMG','2016-12-20',13.3),('23','HMG','2018-11-26',12.5),('23','HMG','2019-12-19',12.2),('23','HMG','2019-12-31',12.9),('23','HMG','2021-12-29',13.1),('23','LDL_CHOLE','2015-12-20',131),('23','LDL_CHOLE','2016-12-20',149),('23','LDL_CHOLE','2018-11-26',64),('23','LDL_CHOLE','2019-12-19',126),('23','LDL_CHOLE','2019-12-31',84),('23','OLIG_PROTE_CD','2015-12-20',1),('23','OLIG_PROTE_CD','2016-12-20',1),('23','OLIG_PROTE_CD','2018-11-26',1),('23','OLIG_PROTE_CD','2019-12-19',1),('23','OLIG_PROTE_CD','2019-12-31',1),('23','OLIG_PROTE_CD','2021-12-29',1),('23','SGOT_AST','2015-12-20',16),('23','SGOT_AST','2016-12-20',26),('23','SGOT_AST','2018-11-26',17),('23','SGOT_AST','2019-12-19',25),('23','SGOT_AST','2019-12-31',15),('23','SGOT_AST','2021-12-29',17),('23','SGPT_ALT','2015-12-20',16),('23','SGPT_ALT','2016-12-20',10),('23','SGPT_ALT','2018-11-26',21),('23','SGPT_ALT','2019-12-19',10),('23','SGPT_ALT','2019-12-31',16),('23','SGPT_ALT','2021-12-29',14),('23','TOT_CHOLE','2015-12-20',191),('23','TOT_CHOLE','2016-12-20',217),('23','TOT_CHOLE','2018-11-26',170),('23','TOT_CHOLE','2019-12-19',210),('23','TOT_CHOLE','2019-12-31',155),('23','TRIGLYCERIDE','2015-12-20',66),('23','TRIGLYCERIDE','2016-12-20',82),('23','TRIGLYCERIDE','2018-11-26',333),('23','TRIGLYCERIDE','2019-12-19',60),('23','TRIGLYCERIDE','2019-12-31',68),('24','BLDS','2015-12-20',105),('24','BLDS','2016-12-20',98),('24','BLDS','2018-11-26',102),('24','BLDS','2019-12-19',92),('24','BLDS','2019-12-31',124),('24','BLDS','2021-12-29',107),('24','BP_HIGH','2015-12-20',130),('24','BP_HIGH','2016-12-20',100),('24','BP_HIGH','2018-11-26',110),('24','BP_HIGH','2019-12-19',116),('24','BP_HIGH','2019-12-31',180),('24','BP_HIGH','2021-12-29',142),('24','BP_LWST','2015-12-20',78),('24','BP_LWST','2016-12-20',58),('24','BP_LWST','2018-11-26',70),('24','BP_LWST','2019-12-19',71),('24','BP_LWST','2019-12-31',130),('24','BP_LWST','2021-12-29',84),('24','CREATININE','2015-12-20',1.1),('24','CREATININE','2016-12-20',0.9),('24','CREATININE','2018-11-26',1),('24','CREATININE','2019-12-19',0.5),('24','CREATININE','2019-12-31',0.7),('24','CREATININE','2021-12-29',1.1),('24','GAMMA_GTP','2015-12-20',18),('24','GAMMA_GTP','2016-12-20',32),('24','GAMMA_GTP','2018-11-26',33),('24','GAMMA_GTP','2019-12-19',13),('24','GAMMA_GTP','2019-12-31',42),('24','GAMMA_GTP','2021-12-29',57),('24','HDL_CHOLE','2015-12-20',56),('24','HDL_CHOLE','2016-12-20',55),('24','HDL_CHOLE','2018-11-26',57),('24','HDL_CHOLE','2019-12-19',62),('24','HMG','2015-12-20',15.4),('24','HMG','2016-12-20',13),('24','HMG','2018-11-26',16.1),('24','HMG','2019-12-19',13.6),('24','HMG','2019-12-31',15.6),('24','HMG','2021-12-29',15.4),('24','LDL_CHOLE','2015-12-20',119),('24','LDL_CHOLE','2016-12-20',67),('24','LDL_CHOLE','2018-11-26',113),('24','LDL_CHOLE','2019-12-19',127),('24','OLIG_PROTE_CD','2015-12-20',1),('24','OLIG_PROTE_CD','2016-12-20',1),('24','OLIG_PROTE_CD','2018-11-26',1),('24','OLIG_PROTE_CD','2019-12-19',1),('24','OLIG_PROTE_CD','2019-12-31',1),('24','OLIG_PROTE_CD','2021-12-29',1),('24','SGOT_AST','2015-12-20',17),('24','SGOT_AST','2016-12-20',24),('24','SGOT_AST','2018-11-26',29),('24','SGOT_AST','2019-12-19',25),('24','SGOT_AST','2019-12-31',23),('24','SGOT_AST','2021-12-29',129),('24','SGPT_ALT','2015-12-20',18),('24','SGPT_ALT','2016-12-20',13),('24','SGPT_ALT','2018-11-26',31),('24','SGPT_ALT','2019-12-19',15),('24','SGPT_ALT','2019-12-31',21),('24','SGPT_ALT','2021-12-29',147),('24','TOT_CHOLE','2015-12-20',193),('24','TOT_CHOLE','2016-12-20',143),('24','TOT_CHOLE','2018-11-26',195),('24','TOT_CHOLE','2019-12-19',207),('24','TRIGLYCERIDE','2015-12-20',87),('24','TRIGLYCERIDE','2016-12-20',105),('24','TRIGLYCERIDE','2018-11-26',125),('24','TRIGLYCERIDE','2019-12-19',90),('25','BLDS','2015-12-20',138),('25','BLDS','2016-12-20',88),('25','BLDS','2018-11-26',87),('25','BLDS','2019-12-19',100),('25','BLDS','2019-12-31',104),('25','BLDS','2021-12-29',100),('25','BP_HIGH','2015-12-20',135),('25','BP_HIGH','2016-12-20',124),('25','BP_HIGH','2018-11-26',110),('25','BP_HIGH','2019-12-19',150),('25','BP_HIGH','2019-12-31',120),('25','BP_HIGH','2021-12-29',119),('25','BP_LWST','2015-12-20',80),('25','BP_LWST','2016-12-20',71),('25','BP_LWST','2018-11-26',70),('25','BP_LWST','2019-12-19',90),('25','BP_LWST','2019-12-31',80),('25','BP_LWST','2021-12-29',75),('25','CREATININE','2015-12-20',0.8),('25','CREATININE','2016-12-20',0.8),('25','CREATININE','2018-11-26',0.8),('25','CREATININE','2019-12-19',0.7),('25','CREATININE','2019-12-31',0.9),('25','CREATININE','2021-12-29',0.9),('25','GAMMA_GTP','2015-12-20',12),('25','GAMMA_GTP','2016-12-20',23),('25','GAMMA_GTP','2018-11-26',15),('25','GAMMA_GTP','2019-12-19',34),('25','GAMMA_GTP','2019-12-31',26),('25','GAMMA_GTP','2021-12-29',18),('25','HDL_CHOLE','2015-12-20',39),('25','HDL_CHOLE','2016-12-20',55),('25','HDL_CHOLE','2018-11-26',59),('25','HDL_CHOLE','2019-12-31',48),('25','HMG','2015-12-20',10.2),('25','HMG','2016-12-20',16.3),('25','HMG','2018-11-26',12.1),('25','HMG','2019-12-19',14),('25','HMG','2019-12-31',15.9),('25','HMG','2021-12-29',14.6),('25','LDL_CHOLE','2015-12-20',140),('25','LDL_CHOLE','2016-12-20',69),('25','LDL_CHOLE','2018-11-26',86),('25','LDL_CHOLE','2019-12-31',114),('25','OLIG_PROTE_CD','2015-12-20',1),('25','OLIG_PROTE_CD','2016-12-20',1),('25','OLIG_PROTE_CD','2018-11-26',1),('25','OLIG_PROTE_CD','2019-12-19',1),('25','OLIG_PROTE_CD','2019-12-31',1),('25','OLIG_PROTE_CD','2021-12-29',1),('25','SGOT_AST','2015-12-20',16),('25','SGOT_AST','2016-12-20',15),('25','SGOT_AST','2018-11-26',16),('25','SGOT_AST','2019-12-19',22),('25','SGOT_AST','2019-12-31',19),('25','SGOT_AST','2021-12-29',21),('25','SGPT_ALT','2015-12-20',8),('25','SGPT_ALT','2016-12-20',14),('25','SGPT_ALT','2018-11-26',11),('25','SGPT_ALT','2019-12-19',20),('25','SGPT_ALT','2019-12-31',22),('25','SGPT_ALT','2021-12-29',12),('25','TOT_CHOLE','2015-12-20',213),('25','TOT_CHOLE','2016-12-20',136),('25','TOT_CHOLE','2018-11-26',156),('25','TOT_CHOLE','2019-12-31',198),('25','TRIGLYCERIDE','2015-12-20',169),('25','TRIGLYCERIDE','2016-12-20',60),('25','TRIGLYCERIDE','2018-11-26',55),('25','TRIGLYCERIDE','2019-12-31',176),('26','BLDS','2015-12-20',83),('26','BLDS','2016-12-20',85),('26','BLDS','2018-11-26',83),('26','BLDS','2019-12-19',98),('26','BLDS','2019-12-31',126),('26','BLDS','2021-12-29',87),('26','BP_HIGH','2015-12-20',100),('26','BP_HIGH','2016-12-20',130),('26','BP_HIGH','2018-11-26',119),('26','BP_HIGH','2019-12-19',138),('26','BP_HIGH','2019-12-31',180),('26','BP_HIGH','2021-12-29',130),('26','BP_LWST','2015-12-20',60),('26','BP_LWST','2016-12-20',80),('26','BP_LWST','2018-11-26',80),('26','BP_LWST','2019-12-19',85),('26','BP_LWST','2019-12-31',120),('26','BP_LWST','2021-12-29',70),('26','CREATININE','2015-12-20',0.9),('26','CREATININE','2016-12-20',0.5),('26','CREATININE','2018-11-26',0.7),('26','CREATININE','2019-12-19',0.7),('26','CREATININE','2019-12-31',1),('26','CREATININE','2021-12-29',0.9),('26','GAMMA_GTP','2015-12-20',21),('26','GAMMA_GTP','2016-12-20',13),('26','GAMMA_GTP','2018-11-26',76),('26','GAMMA_GTP','2019-12-19',149),('26','GAMMA_GTP','2019-12-31',56),('26','GAMMA_GTP','2021-12-29',15),('26','HDL_CHOLE','2015-12-20',59),('26','HDL_CHOLE','2016-12-20',66),('26','HDL_CHOLE','2018-11-26',35),('26','HDL_CHOLE','2019-12-31',52),('26','HDL_CHOLE','2021-12-29',36),('26','HMG','2015-12-20',12.5),('26','HMG','2016-12-20',14.3),('26','HMG','2018-11-26',15.9),('26','HMG','2019-12-19',13.6),('26','HMG','2019-12-31',16),('26','HMG','2021-12-29',16),('26','LDL_CHOLE','2015-12-20',79),('26','LDL_CHOLE','2016-12-20',94),('26','LDL_CHOLE','2018-11-26',104),('26','LDL_CHOLE','2019-12-31',145),('26','LDL_CHOLE','2021-12-29',113),('26','OLIG_PROTE_CD','2015-12-20',1),('26','OLIG_PROTE_CD','2016-12-20',1),('26','OLIG_PROTE_CD','2018-11-26',1),('26','OLIG_PROTE_CD','2019-12-19',1),('26','OLIG_PROTE_CD','2019-12-31',1),('26','OLIG_PROTE_CD','2021-12-29',1),('26','SGOT_AST','2015-12-20',21),('26','SGOT_AST','2016-12-20',20),('26','SGOT_AST','2018-11-26',31),('26','SGOT_AST','2019-12-19',19),('26','SGOT_AST','2019-12-31',30),('26','SGOT_AST','2021-12-29',18),('26','SGPT_ALT','2015-12-20',13),('26','SGPT_ALT','2016-12-20',19),('26','SGPT_ALT','2018-11-26',29),('26','SGPT_ALT','2019-12-19',53),('26','SGPT_ALT','2019-12-31',26),('26','SGPT_ALT','2021-12-29',10),('26','TOT_CHOLE','2015-12-20',150),('26','TOT_CHOLE','2016-12-20',172),('26','TOT_CHOLE','2018-11-26',154),('26','TOT_CHOLE','2019-12-31',216),('26','TOT_CHOLE','2021-12-29',174),('26','TRIGLYCERIDE','2015-12-20',60),('26','TRIGLYCERIDE','2016-12-20',57),('26','TRIGLYCERIDE','2018-11-26',150),('26','TRIGLYCERIDE','2019-12-31',92),('26','TRIGLYCERIDE','2021-12-29',122),('27','BLDS','2015-12-20',98),('27','BLDS','2016-12-20',87),('27','BLDS','2018-11-26',81),('27','BLDS','2019-12-19',98),('27','BLDS','2019-12-31',114),('27','BLDS','2021-12-29',136),('27','BP_HIGH','2015-12-20',90),('27','BP_HIGH','2016-12-20',110),('27','BP_HIGH','2018-11-26',122),('27','BP_HIGH','2019-12-19',119),('27','BP_HIGH','2019-12-31',124),('27','BP_HIGH','2021-12-29',139),('27','BP_LWST','2015-12-20',60),('27','BP_LWST','2016-12-20',80),('27','BP_LWST','2018-11-26',74),('27','BP_LWST','2019-12-19',76),('27','BP_LWST','2019-12-31',82),('27','BP_LWST','2021-12-29',89),('27','CREATININE','2015-12-20',0.8),('27','CREATININE','2016-12-20',1.1),('27','CREATININE','2018-11-26',0.8),('27','CREATININE','2019-12-19',0.7),('27','CREATININE','2019-12-31',0.8),('27','CREATININE','2021-12-29',0.8),('27','GAMMA_GTP','2015-12-20',23),('27','GAMMA_GTP','2016-12-20',16),('27','GAMMA_GTP','2018-11-26',29),('27','GAMMA_GTP','2019-12-19',158),('27','GAMMA_GTP','2019-12-31',32),('27','GAMMA_GTP','2021-12-29',20),('27','HDL_CHOLE','2015-12-20',50),('27','HDL_CHOLE','2016-12-20',42),('27','HDL_CHOLE','2018-11-26',29),('27','HDL_CHOLE','2019-12-31',45),('27','HMG','2015-12-20',11.6),('27','HMG','2016-12-20',11.6),('27','HMG','2018-11-26',14.8),('27','HMG','2019-12-19',15.9),('27','HMG','2019-12-31',14.4),('27','HMG','2021-12-29',15.4),('27','LDL_CHOLE','2015-12-20',114),('27','LDL_CHOLE','2016-12-20',139),('27','LDL_CHOLE','2018-11-26',215),('27','LDL_CHOLE','2019-12-31',123),('27','OLIG_PROTE_CD','2015-12-20',1),('27','OLIG_PROTE_CD','2016-12-20',1),('27','OLIG_PROTE_CD','2018-11-26',1),('27','OLIG_PROTE_CD','2019-12-19',1),('27','OLIG_PROTE_CD','2019-12-31',1),('27','OLIG_PROTE_CD','2021-12-29',1),('27','SGOT_AST','2015-12-20',29),('27','SGOT_AST','2016-12-20',23),('27','SGOT_AST','2018-11-26',39),('27','SGOT_AST','2019-12-19',35),('27','SGOT_AST','2019-12-31',26),('27','SGOT_AST','2021-12-29',37),('27','SGPT_ALT','2015-12-20',25),('27','SGPT_ALT','2016-12-20',10),('27','SGPT_ALT','2018-11-26',43),('27','SGPT_ALT','2019-12-19',65),('27','SGPT_ALT','2019-12-31',41),('27','SGPT_ALT','2021-12-29',29),('27','TOT_CHOLE','2015-12-20',192),('27','TOT_CHOLE','2016-12-20',215),('27','TOT_CHOLE','2018-11-26',293),('27','TOT_CHOLE','2019-12-31',194),('27','TRIGLYCERIDE','2015-12-20',136),('27','TRIGLYCERIDE','2016-12-20',167),('27','TRIGLYCERIDE','2018-11-26',243),('27','TRIGLYCERIDE','2019-12-31',132),('28','BLDS','2015-12-20',97),('28','BLDS','2016-12-20',101),('28','BLDS','2018-11-26',91),('28','BLDS','2019-12-19',82),('28','BLDS','2019-12-31',88),('28','BLDS','2021-12-29',104),('28','BP_HIGH','2015-12-20',125),('28','BP_HIGH','2016-12-20',118),('28','BP_HIGH','2018-11-26',114),('28','BP_HIGH','2019-12-19',122),('28','BP_HIGH','2019-12-31',114),('28','BP_HIGH','2021-12-29',139),('28','BP_LWST','2015-12-20',77),('28','BP_LWST','2016-12-20',69),('28','BP_LWST','2018-11-26',67),('28','BP_LWST','2019-12-19',74),('28','BP_LWST','2019-12-31',78),('28','BP_LWST','2021-12-29',85),('28','CREATININE','2015-12-20',0.8),('28','CREATININE','2016-12-20',0.9),('28','CREATININE','2018-11-26',0.8),('28','CREATININE','2019-12-19',0.6),('28','CREATININE','2019-12-31',0.6),('28','CREATININE','2021-12-29',1.4),('28','GAMMA_GTP','2015-12-20',15),('28','GAMMA_GTP','2016-12-20',23),('28','GAMMA_GTP','2018-11-26',10),('28','GAMMA_GTP','2019-12-19',11),('28','GAMMA_GTP','2019-12-31',29),('28','GAMMA_GTP','2021-12-29',29),('28','HDL_CHOLE','2015-12-20',56),('28','HDL_CHOLE','2016-12-20',46),('28','HDL_CHOLE','2018-11-26',66),('28','HDL_CHOLE','2019-12-19',45),('28','HDL_CHOLE','2021-12-29',57),('28','HMG','2015-12-20',14),('28','HMG','2016-12-20',15.2),('28','HMG','2018-11-26',12.8),('28','HMG','2019-12-19',12.6),('28','HMG','2019-12-31',14.9),('28','HMG','2021-12-29',14.3),('28','LDL_CHOLE','2015-12-20',125),('28','LDL_CHOLE','2016-12-20',113),('28','LDL_CHOLE','2018-11-26',152),('28','LDL_CHOLE','2019-12-19',120),('28','LDL_CHOLE','2021-12-29',112),('28','OLIG_PROTE_CD','2015-12-20',1),('28','OLIG_PROTE_CD','2016-12-20',1),('28','OLIG_PROTE_CD','2018-11-26',1),('28','OLIG_PROTE_CD','2019-12-19',1),('28','OLIG_PROTE_CD','2019-12-31',1),('28','OLIG_PROTE_CD','2021-12-29',1),('28','SGOT_AST','2015-12-20',24),('28','SGOT_AST','2016-12-20',17),('28','SGOT_AST','2018-11-26',16),('28','SGOT_AST','2019-12-19',31),('28','SGOT_AST','2019-12-31',19),('28','SGOT_AST','2021-12-29',33),('28','SGPT_ALT','2015-12-20',15),('28','SGPT_ALT','2016-12-20',20),('28','SGPT_ALT','2018-11-26',10),('28','SGPT_ALT','2019-12-19',22),('28','SGPT_ALT','2019-12-31',24),('28','SGPT_ALT','2021-12-29',22),('28','TOT_CHOLE','2015-12-20',197),('28','TOT_CHOLE','2016-12-20',188),('28','TOT_CHOLE','2018-11-26',231),('28','TOT_CHOLE','2019-12-19',193),('28','TOT_CHOLE','2021-12-29',195),('28','TRIGLYCERIDE','2015-12-20',81),('28','TRIGLYCERIDE','2016-12-20',142),('28','TRIGLYCERIDE','2018-11-26',63),('28','TRIGLYCERIDE','2019-12-19',138),('28','TRIGLYCERIDE','2021-12-29',75),('29','BLDS','2015-12-20',90),('29','BLDS','2016-12-20',96),('29','BLDS','2018-11-26',88),('29','BLDS','2019-12-19',107),('29','BLDS','2019-12-31',93),('29','BLDS','2021-12-29',99),('29','BP_HIGH','2015-12-20',123),('29','BP_HIGH','2016-12-20',120),('29','BP_HIGH','2018-11-26',129),('29','BP_HIGH','2019-12-19',142),('29','BP_HIGH','2019-12-31',106),('29','BP_HIGH','2021-12-29',121),('29','BP_LWST','2015-12-20',82),('29','BP_LWST','2016-12-20',80),('29','BP_LWST','2018-11-26',74),('29','BP_LWST','2019-12-19',102),('29','BP_LWST','2019-12-31',68),('29','BP_LWST','2021-12-29',81),('29','CREATININE','2015-12-20',0.7),('29','CREATININE','2016-12-20',0.9),('29','CREATININE','2018-11-26',0.8),('29','CREATININE','2019-12-19',0.7),('29','CREATININE','2019-12-31',1.1),('29','CREATININE','2021-12-29',0.7),('29','GAMMA_GTP','2015-12-20',15),('29','GAMMA_GTP','2016-12-20',20),('29','GAMMA_GTP','2018-11-26',12),('29','GAMMA_GTP','2019-12-19',9),('29','GAMMA_GTP','2019-12-31',25),('29','GAMMA_GTP','2021-12-29',29),('29','HDL_CHOLE','2015-12-20',87),('29','HDL_CHOLE','2016-12-20',41),('29','HDL_CHOLE','2018-11-26',85),('29','HMG','2015-12-20',12.4),('29','HMG','2016-12-20',12.1),('29','HMG','2018-11-26',14.3),('29','HMG','2019-12-19',13.8),('29','HMG','2019-12-31',15.6),('29','HMG','2021-12-29',14.5),('29','LDL_CHOLE','2015-12-20',120),('29','LDL_CHOLE','2016-12-20',105),('29','LDL_CHOLE','2018-11-26',100),('29','OLIG_PROTE_CD','2015-12-20',1),('29','OLIG_PROTE_CD','2016-12-20',1),('29','OLIG_PROTE_CD','2018-11-26',1),('29','OLIG_PROTE_CD','2019-12-19',1),('29','OLIG_PROTE_CD','2019-12-31',1),('29','OLIG_PROTE_CD','2021-12-29',1),('29','SGOT_AST','2015-12-20',24),('29','SGOT_AST','2016-12-20',26),('29','SGOT_AST','2018-11-26',25),('29','SGOT_AST','2019-12-19',24),('29','SGOT_AST','2019-12-31',17),('29','SGOT_AST','2021-12-29',19),('29','SGPT_ALT','2015-12-20',16),('29','SGPT_ALT','2016-12-20',18),('29','SGPT_ALT','2018-11-26',15),('29','SGPT_ALT','2019-12-19',16),('29','SGPT_ALT','2019-12-31',8),('29','SGPT_ALT','2021-12-29',20),('29','TOT_CHOLE','2015-12-20',221),('29','TOT_CHOLE','2016-12-20',161),('29','TOT_CHOLE','2018-11-26',195),('29','TRIGLYCERIDE','2015-12-20',66),('29','TRIGLYCERIDE','2016-12-20',71),('29','TRIGLYCERIDE','2018-11-26',49),('3','BLDS','2015-12-20',93),('3','BLDS','2016-12-20',206),('3','BLDS','2018-11-26',98),('3','BLDS','2019-12-19',80),('3','BLDS','2019-12-31',100),('3','BLDS','2021-12-29',102),('3','BLDS','2025-01-27',127),('3','BP_HIGH','2015-12-20',135),('3','BP_HIGH','2016-12-20',107),('3','BP_HIGH','2018-11-26',120),('3','BP_HIGH','2019-12-19',128),('3','BP_HIGH','2019-12-31',109),('3','BP_HIGH','2021-12-29',123),('3','BP_LWST','2015-12-20',80),('3','BP_LWST','2016-12-20',65),('3','BP_LWST','2018-11-26',70),('3','BP_LWST','2019-12-19',65),('3','BP_LWST','2019-12-31',73),('3','BP_LWST','2021-12-29',80),('3','CREATININE','2015-12-20',1),('3','CREATININE','2016-12-20',0.6),('3','CREATININE','2018-11-26',0.9),('3','CREATININE','2019-12-19',1.1),('3','CREATININE','2019-12-31',1),('3','CREATININE','2021-12-29',0.7),('3','GAMMA_GTP','2015-12-20',228),('3','GAMMA_GTP','2016-12-20',25),('3','GAMMA_GTP','2018-11-26',68),('3','GAMMA_GTP','2019-12-19',21),('3','GAMMA_GTP','2019-12-31',17),('3','GAMMA_GTP','2021-12-29',7),('3','HDL_CHOLE','2015-12-20',53),('3','HDL_CHOLE','2016-12-20',73),('3','HDL_CHOLE','2018-11-26',41),('3','HDL_CHOLE','2019-12-31',57),('3','HMG','2015-12-20',14.2),('3','HMG','2016-12-20',13),('3','HMG','2018-11-26',15.8),('3','HMG','2019-12-19',12.5),('3','HMG','2019-12-31',15.6),('3','HMG','2021-12-29',12.8),('3','LDL_CHOLE','2015-12-20',81),('3','LDL_CHOLE','2016-12-20',95),('3','LDL_CHOLE','2018-11-26',74),('3','LDL_CHOLE','2019-12-31',152),('3','OLIG_PROTE_CD','2015-12-20',1),('3','OLIG_PROTE_CD','2016-12-20',1),('3','OLIG_PROTE_CD','2018-11-26',1),('3','OLIG_PROTE_CD','2019-12-31',1),('3','OLIG_PROTE_CD','2021-12-29',1),('3','SGOT_AST','2015-12-20',87),('3','SGOT_AST','2016-12-20',18),('3','SGOT_AST','2018-11-26',47),('3','SGOT_AST','2019-12-19',77),('3','SGOT_AST','2019-12-31',30),('3','SGOT_AST','2021-12-29',27),('3','SGPT_ALT','2015-12-20',76),('3','SGPT_ALT','2016-12-20',16),('3','SGPT_ALT','2018-11-26',32),('3','SGPT_ALT','2019-12-19',47),('3','SGPT_ALT','2019-12-31',21),('3','SGPT_ALT','2021-12-29',25),('3','TOT_CHOLE','2015-12-20',174),('3','TOT_CHOLE','2016-12-20',182),('3','TOT_CHOLE','2018-11-26',136),('3','TOT_CHOLE','2019-12-31',232),('3','TRIGLYCERIDE','2015-12-20',202),('3','TRIGLYCERIDE','2016-12-20',67),('3','TRIGLYCERIDE','2018-11-26',104),('3','TRIGLYCERIDE','2019-12-31',114),('30','BLDS','2015-12-20',103),('30','BLDS','2016-12-20',93),('30','BLDS','2018-11-26',87),('30','BLDS','2019-12-19',113),('30','BLDS','2019-12-31',99),('30','BLDS','2021-12-29',92),('30','BP_HIGH','2015-12-20',100),('30','BP_HIGH','2016-12-20',110),('30','BP_HIGH','2018-11-26',115),('30','BP_HIGH','2019-12-19',110),('30','BP_HIGH','2019-12-31',118),('30','BP_HIGH','2021-12-29',136),('30','BP_LWST','2015-12-20',70),('30','BP_LWST','2016-12-20',70),('30','BP_LWST','2018-11-26',55),('30','BP_LWST','2019-12-19',74),('30','BP_LWST','2019-12-31',78),('30','BP_LWST','2021-12-29',82),('30','CREATININE','2015-12-20',0.8),('30','CREATININE','2016-12-20',1),('30','CREATININE','2018-11-26',0.5),('30','CREATININE','2019-12-19',0.8),('30','CREATININE','2019-12-31',0.2),('30','CREATININE','2021-12-29',0.7),('30','GAMMA_GTP','2015-12-20',12),('30','GAMMA_GTP','2016-12-20',19),('30','GAMMA_GTP','2018-11-26',12),('30','GAMMA_GTP','2019-12-19',9),('30','GAMMA_GTP','2019-12-31',82),('30','GAMMA_GTP','2021-12-29',27),('30','HDL_CHOLE','2015-12-20',64),('30','HDL_CHOLE','2016-12-20',47),('30','HDL_CHOLE','2018-11-26',54),('30','HDL_CHOLE','2021-12-29',59),('30','HMG','2015-12-20',13.1),('30','HMG','2016-12-20',11.9),('30','HMG','2018-11-26',12.3),('30','HMG','2019-12-19',12.6),('30','HMG','2019-12-31',16.7),('30','HMG','2021-12-29',13.7),('30','LDL_CHOLE','2015-12-20',119),('30','LDL_CHOLE','2016-12-20',71),('30','LDL_CHOLE','2018-11-26',150),('30','LDL_CHOLE','2021-12-29',101),('30','OLIG_PROTE_CD','2015-12-20',1),('30','OLIG_PROTE_CD','2016-12-20',1),('30','OLIG_PROTE_CD','2018-11-26',1),('30','OLIG_PROTE_CD','2019-12-19',1),('30','OLIG_PROTE_CD','2019-12-31',1),('30','OLIG_PROTE_CD','2021-12-29',1),('30','SGOT_AST','2015-12-20',23),('30','SGOT_AST','2016-12-20',26),('30','SGOT_AST','2018-11-26',43),('30','SGOT_AST','2019-12-19',26),('30','SGOT_AST','2019-12-31',26),('30','SGOT_AST','2021-12-29',35),('30','SGPT_ALT','2015-12-20',22),('30','SGPT_ALT','2016-12-20',12),('30','SGPT_ALT','2018-11-26',45),('30','SGPT_ALT','2019-12-19',18),('30','SGPT_ALT','2019-12-31',44),('30','SGPT_ALT','2021-12-29',44),('30','TOT_CHOLE','2015-12-20',205),('30','TOT_CHOLE','2016-12-20',129),('30','TOT_CHOLE','2018-11-26',246),('30','TOT_CHOLE','2021-12-29',175),('30','TRIGLYCERIDE','2015-12-20',94),('30','TRIGLYCERIDE','2016-12-20',51),('30','TRIGLYCERIDE','2018-11-26',209),('30','TRIGLYCERIDE','2021-12-29',73),('31','BLDS','2015-12-20',87),('31','BLDS','2016-12-20',132),('31','BLDS','2018-11-26',94),('31','BLDS','2019-12-19',81),('31','BLDS','2019-12-31',90),('31','BLDS','2021-12-29',102),('31','BP_HIGH','2015-12-20',100),('31','BP_HIGH','2016-12-20',120),('31','BP_HIGH','2018-11-26',118),('31','BP_HIGH','2019-12-19',110),('31','BP_HIGH','2019-12-31',106),('31','BP_HIGH','2021-12-29',130),('31','BP_LWST','2015-12-20',70),('31','BP_LWST','2016-12-20',80),('31','BP_LWST','2018-11-26',75),('31','BP_LWST','2019-12-19',66),('31','BP_LWST','2019-12-31',63),('31','BP_LWST','2021-12-29',80),('31','CREATININE','2015-12-20',0.9),('31','CREATININE','2016-12-20',1.2),('31','CREATININE','2018-11-26',0.9),('31','CREATININE','2019-12-19',0.8),('31','CREATININE','2019-12-31',1.2),('31','CREATININE','2021-12-29',0.7),('31','GAMMA_GTP','2015-12-20',11),('31','GAMMA_GTP','2016-12-20',29),('31','GAMMA_GTP','2018-11-26',53),('31','GAMMA_GTP','2019-12-19',21),('31','GAMMA_GTP','2019-12-31',29),('31','GAMMA_GTP','2021-12-29',20),('31','HDL_CHOLE','2015-12-20',51),('31','HDL_CHOLE','2016-12-20',45),('31','HDL_CHOLE','2018-11-26',50),('31','HDL_CHOLE','2019-12-31',37),('31','HDL_CHOLE','2021-12-29',41),('31','HMG','2015-12-20',13.9),('31','HMG','2016-12-20',15.9),('31','HMG','2018-11-26',15),('31','HMG','2019-12-19',16.8),('31','HMG','2019-12-31',17.5),('31','HMG','2021-12-29',14.8),('31','LDL_CHOLE','2015-12-20',163),('31','LDL_CHOLE','2016-12-20',101),('31','LDL_CHOLE','2018-11-26',94),('31','LDL_CHOLE','2019-12-31',147),('31','LDL_CHOLE','2021-12-29',79),('31','OLIG_PROTE_CD','2015-12-20',1),('31','OLIG_PROTE_CD','2016-12-20',1),('31','OLIG_PROTE_CD','2018-11-26',1),('31','OLIG_PROTE_CD','2019-12-19',1),('31','OLIG_PROTE_CD','2019-12-31',1),('31','OLIG_PROTE_CD','2021-12-29',1),('31','SGOT_AST','2015-12-20',23),('31','SGOT_AST','2016-12-20',28),('31','SGOT_AST','2018-11-26',25),('31','SGOT_AST','2019-12-19',14),('31','SGOT_AST','2019-12-31',23),('31','SGOT_AST','2021-12-29',21),('31','SGPT_ALT','2015-12-20',20),('31','SGPT_ALT','2016-12-20',17),('31','SGPT_ALT','2018-11-26',46),('31','SGPT_ALT','2019-12-19',21),('31','SGPT_ALT','2019-12-31',24),('31','SGPT_ALT','2021-12-29',19),('31','TOT_CHOLE','2015-12-20',240),('31','TOT_CHOLE','2016-12-20',182),('31','TOT_CHOLE','2018-11-26',191),('31','TOT_CHOLE','2019-12-31',229),('31','TOT_CHOLE','2021-12-29',158),('31','TRIGLYCERIDE','2015-12-20',126),('31','TRIGLYCERIDE','2016-12-20',178),('31','TRIGLYCERIDE','2018-11-26',231),('31','TRIGLYCERIDE','2019-12-31',223),('31','TRIGLYCERIDE','2021-12-29',193),('32','BLDS','2015-12-20',103),('32','BLDS','2016-12-20',102),('32','BLDS','2018-11-26',91),('32','BLDS','2019-12-19',96),('32','BLDS','2019-12-31',102),('32','BLDS','2021-12-29',118),('32','BP_HIGH','2015-12-20',140),('32','BP_HIGH','2016-12-20',128),('32','BP_HIGH','2018-11-26',115),('32','BP_HIGH','2019-12-19',117),('32','BP_HIGH','2019-12-31',113),('32','BP_HIGH','2021-12-29',131),('32','BP_LWST','2015-12-20',100),('32','BP_LWST','2016-12-20',69),('32','BP_LWST','2018-11-26',70),('32','BP_LWST','2019-12-19',75),('32','BP_LWST','2019-12-31',70),('32','BP_LWST','2021-12-29',84),('32','CREATININE','2015-12-20',0.8),('32','CREATININE','2016-12-20',0.7),('32','CREATININE','2018-11-26',1.1),('32','CREATININE','2019-12-19',0.6),('32','CREATININE','2019-12-31',0.6),('32','CREATININE','2021-12-29',0.7),('32','GAMMA_GTP','2015-12-20',13),('32','GAMMA_GTP','2016-12-20',26),('32','GAMMA_GTP','2018-11-26',28),('32','GAMMA_GTP','2019-12-19',33),('32','GAMMA_GTP','2019-12-31',18),('32','GAMMA_GTP','2021-12-29',30),('32','HDL_CHOLE','2015-12-20',48),('32','HDL_CHOLE','2016-12-20',57),('32','HDL_CHOLE','2018-11-26',47),('32','HDL_CHOLE','2021-12-29',48),('32','HMG','2015-12-20',12.2),('32','HMG','2016-12-20',13.4),('32','HMG','2018-11-26',15.2),('32','HMG','2019-12-19',13.2),('32','HMG','2019-12-31',13.5),('32','HMG','2021-12-29',13.4),('32','LDL_CHOLE','2015-12-20',152),('32','LDL_CHOLE','2016-12-20',118),('32','LDL_CHOLE','2018-11-26',151),('32','LDL_CHOLE','2021-12-29',103),('32','OLIG_PROTE_CD','2015-12-20',1),('32','OLIG_PROTE_CD','2016-12-20',1),('32','OLIG_PROTE_CD','2018-11-26',1),('32','OLIG_PROTE_CD','2019-12-19',1),('32','OLIG_PROTE_CD','2019-12-31',1),('32','OLIG_PROTE_CD','2021-12-29',1),('32','SGOT_AST','2015-12-20',20),('32','SGOT_AST','2016-12-20',27),('32','SGOT_AST','2018-11-26',22),('32','SGOT_AST','2019-12-19',21),('32','SGOT_AST','2019-12-31',22),('32','SGOT_AST','2021-12-29',35),('32','SGPT_ALT','2015-12-20',9),('32','SGPT_ALT','2016-12-20',23),('32','SGPT_ALT','2018-11-26',25),('32','SGPT_ALT','2019-12-19',28),('32','SGPT_ALT','2019-12-31',15),('32','SGPT_ALT','2021-12-29',66),('32','TOT_CHOLE','2015-12-20',235),('32','TOT_CHOLE','2016-12-20',192),('32','TOT_CHOLE','2018-11-26',212),('32','TOT_CHOLE','2021-12-29',174),('32','TRIGLYCERIDE','2015-12-20',173),('32','TRIGLYCERIDE','2016-12-20',85),('32','TRIGLYCERIDE','2018-11-26',69),('32','TRIGLYCERIDE','2021-12-29',111),('33','BLDS','2015-12-20',71),('33','BLDS','2016-12-20',94),('33','BLDS','2018-11-26',102),('33','BLDS','2019-12-31',118),('33','BLDS','2021-12-29',108),('33','BP_HIGH','2015-12-20',130),('33','BP_HIGH','2016-12-20',110),('33','BP_HIGH','2018-11-26',128),('33','BP_HIGH','2019-12-31',150),('33','BP_HIGH','2021-12-29',110),('33','BP_LWST','2015-12-20',83),('33','BP_LWST','2016-12-20',60),('33','BP_LWST','2018-11-26',70),('33','BP_LWST','2019-12-31',100),('33','BP_LWST','2021-12-29',60),('33','CREATININE','2015-12-20',1.2),('33','CREATININE','2016-12-20',1.1),('33','CREATININE','2018-11-26',1.1),('33','CREATININE','2019-12-31',0.9),('33','CREATININE','2021-12-29',0.8),('33','GAMMA_GTP','2015-12-20',9),('33','GAMMA_GTP','2016-12-20',21),('33','GAMMA_GTP','2018-11-26',18),('33','GAMMA_GTP','2019-12-31',87),('33','GAMMA_GTP','2021-12-29',13),('33','HDL_CHOLE','2015-12-20',46),('33','HDL_CHOLE','2016-12-20',69),('33','HDL_CHOLE','2018-11-26',48),('33','HDL_CHOLE','2021-12-29',63),('33','HMG','2015-12-20',11),('33','HMG','2016-12-20',11.6),('33','HMG','2018-11-26',16.5),('33','HMG','2019-12-31',16.8),('33','HMG','2021-12-29',13.2),('33','LDL_CHOLE','2015-12-20',75),('33','LDL_CHOLE','2016-12-20',64),('33','LDL_CHOLE','2018-11-26',104),('33','LDL_CHOLE','2021-12-29',150),('33','OLIG_PROTE_CD','2015-12-20',1),('33','OLIG_PROTE_CD','2016-12-20',1),('33','OLIG_PROTE_CD','2018-11-26',1),('33','OLIG_PROTE_CD','2019-12-31',1),('33','OLIG_PROTE_CD','2021-12-29',1),('33','SGOT_AST','2015-12-20',16),('33','SGOT_AST','2016-12-20',21),('33','SGOT_AST','2018-11-26',16),('33','SGOT_AST','2019-12-31',28),('33','SGOT_AST','2021-12-29',25),('33','SGPT_ALT','2015-12-20',11),('33','SGPT_ALT','2016-12-20',15),('33','SGPT_ALT','2018-11-26',18),('33','SGPT_ALT','2019-12-31',48),('33','SGPT_ALT','2021-12-29',20),('33','TOT_CHOLE','2015-12-20',143),('33','TOT_CHOLE','2016-12-20',143),('33','TOT_CHOLE','2018-11-26',162),('33','TOT_CHOLE','2021-12-29',236),('33','TRIGLYCERIDE','2015-12-20',106),('33','TRIGLYCERIDE','2016-12-20',50),('33','TRIGLYCERIDE','2018-11-26',47),('33','TRIGLYCERIDE','2021-12-29',113),('34','BLDS','2015-12-20',71),('34','BLDS','2016-12-20',100),('34','BLDS','2018-11-26',110),('34','BLDS','2019-12-19',82),('34','BLDS','2019-12-31',100),('34','BLDS','2021-12-29',100),('34','BP_HIGH','2015-12-20',105),('34','BP_HIGH','2016-12-20',156),('34','BP_HIGH','2018-11-26',111),('34','BP_HIGH','2019-12-19',134),('34','BP_HIGH','2019-12-31',118),('34','BP_HIGH','2021-12-29',118),('34','BP_LWST','2015-12-20',60),('34','BP_LWST','2016-12-20',66),('34','BP_LWST','2018-11-26',83),('34','BP_LWST','2019-12-19',80),('34','BP_LWST','2019-12-31',74),('34','BP_LWST','2021-12-29',78),('34','CREATININE','2015-12-20',1.6),('34','CREATININE','2016-12-20',0.9),('34','CREATININE','2018-11-26',0.9),('34','CREATININE','2019-12-19',0.9),('34','CREATININE','2019-12-31',0.6),('34','CREATININE','2021-12-29',0.7),('34','GAMMA_GTP','2015-12-20',13),('34','GAMMA_GTP','2016-12-20',25),('34','GAMMA_GTP','2018-11-26',28),('34','GAMMA_GTP','2019-12-19',44),('34','GAMMA_GTP','2019-12-31',11),('34','GAMMA_GTP','2021-12-29',22),('34','HDL_CHOLE','2015-12-20',42),('34','HDL_CHOLE','2016-12-20',53),('34','HDL_CHOLE','2018-11-26',54),('34','HDL_CHOLE','2019-12-19',44),('34','HMG','2015-12-20',10.3),('34','HMG','2016-12-20',15),('34','HMG','2018-11-26',14.6),('34','HMG','2019-12-19',16.5),('34','HMG','2019-12-31',11.6),('34','HMG','2021-12-29',13),('34','LDL_CHOLE','2015-12-20',87),('34','LDL_CHOLE','2016-12-20',177),('34','LDL_CHOLE','2018-11-26',102),('34','OLIG_PROTE_CD','2015-12-20',1),('34','OLIG_PROTE_CD','2016-12-20',2),('34','OLIG_PROTE_CD','2018-11-26',1),('34','OLIG_PROTE_CD','2019-12-19',1),('34','OLIG_PROTE_CD','2019-12-31',1),('34','OLIG_PROTE_CD','2021-12-29',1),('34','SGOT_AST','2015-12-20',19),('34','SGOT_AST','2016-12-20',21),('34','SGOT_AST','2018-11-26',20),('34','SGOT_AST','2019-12-19',31),('34','SGOT_AST','2019-12-31',18),('34','SGOT_AST','2021-12-29',25),('34','SGPT_ALT','2015-12-20',11),('34','SGPT_ALT','2016-12-20',16),('34','SGPT_ALT','2018-11-26',19),('34','SGPT_ALT','2019-12-19',34),('34','SGPT_ALT','2019-12-31',11),('34','SGPT_ALT','2021-12-29',20),('34','TOT_CHOLE','2015-12-20',131),('34','TOT_CHOLE','2016-12-20',268),('34','TOT_CHOLE','2018-11-26',208),('34','TOT_CHOLE','2019-12-19',248),('34','TRIGLYCERIDE','2015-12-20',10),('34','TRIGLYCERIDE','2016-12-20',190),('34','TRIGLYCERIDE','2018-11-26',262),('34','TRIGLYCERIDE','2019-12-19',404),('35','BLDS','2015-12-20',84),('35','BLDS','2016-12-20',89),('35','BLDS','2018-11-26',102),('35','BLDS','2019-12-19',98),('35','BLDS','2019-12-31',81),('35','BLDS','2021-12-29',106),('35','BP_HIGH','2015-12-20',130),('35','BP_HIGH','2016-12-20',144),('35','BP_HIGH','2018-11-26',110),('35','BP_HIGH','2019-12-19',132),('35','BP_HIGH','2019-12-31',90),('35','BP_HIGH','2021-12-29',139),('35','BP_LWST','2015-12-20',80),('35','BP_LWST','2016-12-20',87),('35','BP_LWST','2018-11-26',78),('35','BP_LWST','2019-12-19',75),('35','BP_LWST','2019-12-31',60),('35','BP_LWST','2021-12-29',83),('35','CREATININE','2015-12-20',0.5),('35','CREATININE','2016-12-20',0.9),('35','CREATININE','2018-11-26',0.8),('35','CREATININE','2019-12-19',0.8),('35','CREATININE','2019-12-31',1.2),('35','CREATININE','2021-12-29',0.8),('35','GAMMA_GTP','2015-12-20',10),('35','GAMMA_GTP','2016-12-20',16),('35','GAMMA_GTP','2018-11-26',29),('35','GAMMA_GTP','2019-12-19',24),('35','GAMMA_GTP','2019-12-31',17),('35','GAMMA_GTP','2021-12-29',23),('35','HDL_CHOLE','2015-12-20',30),('35','HDL_CHOLE','2016-12-20',69),('35','HDL_CHOLE','2018-11-26',42),('35','HDL_CHOLE','2019-12-31',51),('35','HMG','2015-12-20',10.4),('35','HMG','2016-12-20',11.8),('35','HMG','2018-11-26',15.3),('35','HMG','2019-12-19',15.4),('35','HMG','2019-12-31',10.1),('35','HMG','2021-12-29',13.5),('35','LDL_CHOLE','2015-12-20',100),('35','LDL_CHOLE','2016-12-20',129),('35','LDL_CHOLE','2018-11-26',150),('35','LDL_CHOLE','2019-12-31',54),('35','OLIG_PROTE_CD','2015-12-20',1),('35','OLIG_PROTE_CD','2016-12-20',1),('35','OLIG_PROTE_CD','2018-11-26',1),('35','OLIG_PROTE_CD','2019-12-19',1),('35','OLIG_PROTE_CD','2019-12-31',4),('35','OLIG_PROTE_CD','2021-12-29',1),('35','SGOT_AST','2015-12-20',17),('35','SGOT_AST','2016-12-20',24),('35','SGOT_AST','2018-11-26',22),('35','SGOT_AST','2019-12-19',22),('35','SGOT_AST','2019-12-31',24),('35','SGOT_AST','2021-12-29',26),('35','SGPT_ALT','2015-12-20',7),('35','SGPT_ALT','2016-12-20',18),('35','SGPT_ALT','2018-11-26',27),('35','SGPT_ALT','2019-12-19',21),('35','SGPT_ALT','2019-12-31',16),('35','SGPT_ALT','2021-12-29',18),('35','TOT_CHOLE','2015-12-20',148),('35','TOT_CHOLE','2016-12-20',219),('35','TOT_CHOLE','2018-11-26',210),('35','TOT_CHOLE','2019-12-31',127),('35','TRIGLYCERIDE','2015-12-20',87),('35','TRIGLYCERIDE','2016-12-20',102),('35','TRIGLYCERIDE','2018-11-26',86),('35','TRIGLYCERIDE','2019-12-31',108),('36','BLDS','2015-12-20',98),('36','BLDS','2016-12-20',85),('36','BLDS','2018-11-26',93),('36','BLDS','2019-12-19',102),('36','BLDS','2019-12-31',114),('36','BLDS','2021-12-29',94),('36','BP_HIGH','2015-12-20',127),('36','BP_HIGH','2016-12-20',114),('36','BP_HIGH','2018-11-26',133),('36','BP_HIGH','2019-12-19',137),('36','BP_HIGH','2019-12-31',131),('36','BP_HIGH','2021-12-29',111),('36','BP_LWST','2015-12-20',84),('36','BP_LWST','2016-12-20',60),('36','BP_LWST','2018-11-26',84),('36','BP_LWST','2019-12-19',79),('36','BP_LWST','2019-12-31',88),('36','BP_LWST','2021-12-29',56),('36','CREATININE','2015-12-20',0.9),('36','CREATININE','2016-12-20',0.8),('36','CREATININE','2018-11-26',0.8),('36','CREATININE','2019-12-19',1),('36','CREATININE','2019-12-31',0.9),('36','CREATININE','2021-12-29',0.6),('36','GAMMA_GTP','2015-12-20',25),('36','GAMMA_GTP','2016-12-20',19),('36','GAMMA_GTP','2018-11-26',15),('36','GAMMA_GTP','2019-12-19',40),('36','GAMMA_GTP','2019-12-31',18),('36','GAMMA_GTP','2021-12-29',17),('36','HDL_CHOLE','2015-12-20',50),('36','HDL_CHOLE','2016-12-20',56),('36','HDL_CHOLE','2018-11-26',100),('36','HDL_CHOLE','2019-12-31',58),('36','HMG','2015-12-20',13.8),('36','HMG','2016-12-20',15.7),('36','HMG','2018-11-26',11.4),('36','HMG','2019-12-19',16.5),('36','HMG','2019-12-31',13.7),('36','HMG','2021-12-29',9.8),('36','LDL_CHOLE','2015-12-20',94),('36','LDL_CHOLE','2016-12-20',122),('36','LDL_CHOLE','2018-11-26',110),('36','LDL_CHOLE','2019-12-31',50),('36','OLIG_PROTE_CD','2015-12-20',1),('36','OLIG_PROTE_CD','2016-12-20',1),('36','OLIG_PROTE_CD','2018-11-26',1),('36','OLIG_PROTE_CD','2019-12-19',1),('36','OLIG_PROTE_CD','2019-12-31',1),('36','OLIG_PROTE_CD','2021-12-29',1),('36','SGOT_AST','2015-12-20',17),('36','SGOT_AST','2016-12-20',19),('36','SGOT_AST','2018-11-26',32),('36','SGOT_AST','2019-12-19',23),('36','SGOT_AST','2019-12-31',26),('36','SGOT_AST','2021-12-29',20),('36','SGPT_ALT','2015-12-20',14),('36','SGPT_ALT','2016-12-20',17),('36','SGPT_ALT','2018-11-26',19),('36','SGPT_ALT','2019-12-19',40),('36','SGPT_ALT','2019-12-31',16),('36','SGPT_ALT','2021-12-29',19),('36','TOT_CHOLE','2015-12-20',181),('36','TOT_CHOLE','2016-12-20',193),('36','TOT_CHOLE','2018-11-26',232),('36','TOT_CHOLE','2019-12-31',124),('36','TRIGLYCERIDE','2015-12-20',181),('36','TRIGLYCERIDE','2016-12-20',74),('36','TRIGLYCERIDE','2018-11-26',110),('36','TRIGLYCERIDE','2019-12-31',76),('37','BLDS','2015-12-20',127),('37','BLDS','2016-12-20',88),('37','BLDS','2018-11-26',79),('37','BLDS','2019-12-19',90),('37','BLDS','2019-12-31',87),('37','BLDS','2021-12-29',95),('37','BP_HIGH','2015-12-20',130),('37','BP_HIGH','2016-12-20',128),('37','BP_HIGH','2018-11-26',120),('37','BP_HIGH','2019-12-19',126),('37','BP_HIGH','2019-12-31',102),('37','BP_HIGH','2021-12-29',126),('37','BP_LWST','2015-12-20',80),('37','BP_LWST','2016-12-20',80),('37','BP_LWST','2018-11-26',80),('37','BP_LWST','2019-12-19',93),('37','BP_LWST','2019-12-31',65),('37','BP_LWST','2021-12-29',77),('37','CREATININE','2015-12-20',1.1),('37','CREATININE','2016-12-20',0.5),('37','CREATININE','2018-11-26',0.9),('37','CREATININE','2019-12-19',1.1),('37','CREATININE','2019-12-31',0.8),('37','CREATININE','2021-12-29',0.8),('37','GAMMA_GTP','2015-12-20',9),('37','GAMMA_GTP','2016-12-20',10),('37','GAMMA_GTP','2018-11-26',45),('37','GAMMA_GTP','2019-12-19',17),('37','GAMMA_GTP','2019-12-31',25),('37','GAMMA_GTP','2021-12-29',16),('37','HDL_CHOLE','2015-12-20',54),('37','HDL_CHOLE','2016-12-20',50),('37','HDL_CHOLE','2018-11-26',70),('37','HDL_CHOLE','2019-12-19',74),('37','HDL_CHOLE','2021-12-29',41),('37','HMG','2015-12-20',11),('37','HMG','2016-12-20',12.1),('37','HMG','2018-11-26',15.4),('37','HMG','2019-12-19',14.7),('37','HMG','2019-12-31',16.6),('37','HMG','2021-12-29',13.3),('37','LDL_CHOLE','2015-12-20',94),('37','LDL_CHOLE','2016-12-20',118),('37','LDL_CHOLE','2018-11-26',72),('37','LDL_CHOLE','2019-12-19',97),('37','LDL_CHOLE','2021-12-29',99),('37','OLIG_PROTE_CD','2015-12-20',1),('37','OLIG_PROTE_CD','2016-12-20',1),('37','OLIG_PROTE_CD','2018-11-26',1),('37','OLIG_PROTE_CD','2019-12-19',1),('37','OLIG_PROTE_CD','2019-12-31',1),('37','OLIG_PROTE_CD','2021-12-29',1),('37','SGOT_AST','2015-12-20',27),('37','SGOT_AST','2016-12-20',21),('37','SGOT_AST','2018-11-26',21),('37','SGOT_AST','2019-12-19',17),('37','SGOT_AST','2019-12-31',25),('37','SGOT_AST','2021-12-29',26),('37','SGPT_ALT','2015-12-20',5),('37','SGPT_ALT','2016-12-20',10),('37','SGPT_ALT','2018-11-26',18),('37','SGPT_ALT','2019-12-19',10),('37','SGPT_ALT','2019-12-31',25),('37','SGPT_ALT','2021-12-29',16),('37','TOT_CHOLE','2015-12-20',179),('37','TOT_CHOLE','2016-12-20',193),('37','TOT_CHOLE','2018-11-26',142),('37','TOT_CHOLE','2019-12-19',188),('37','TOT_CHOLE','2021-12-29',160),('37','TRIGLYCERIDE','2015-12-20',151),('37','TRIGLYCERIDE','2016-12-20',121),('37','TRIGLYCERIDE','2018-11-26',88),('37','TRIGLYCERIDE','2019-12-19',83),('37','TRIGLYCERIDE','2021-12-29',98),('38','BLDS','2015-12-20',99),('38','BLDS','2016-12-20',129),('38','BLDS','2018-11-26',128),('38','BLDS','2019-12-19',154),('38','BLDS','2019-12-31',91),('38','BLDS','2021-12-29',92),('38','BP_HIGH','2015-12-20',130),('38','BP_HIGH','2016-12-20',130),('38','BP_HIGH','2018-11-26',167),('38','BP_HIGH','2019-12-19',109),('38','BP_HIGH','2019-12-31',130),('38','BP_HIGH','2021-12-29',139),('38','BP_LWST','2015-12-20',70),('38','BP_LWST','2016-12-20',80),('38','BP_LWST','2018-11-26',84),('38','BP_LWST','2019-12-19',83),('38','BP_LWST','2019-12-31',80),('38','BP_LWST','2021-12-29',80),('38','CREATININE','2015-12-20',0.8),('38','CREATININE','2016-12-20',1),('38','CREATININE','2018-11-26',0.7),('38','CREATININE','2019-12-19',0.9),('38','CREATININE','2019-12-31',0.7),('38','CREATININE','2021-12-29',0.9),('38','GAMMA_GTP','2015-12-20',12),('38','GAMMA_GTP','2016-12-20',42),('38','GAMMA_GTP','2018-11-26',48),('38','GAMMA_GTP','2019-12-19',386),('38','GAMMA_GTP','2019-12-31',13),('38','GAMMA_GTP','2021-12-29',25),('38','HDL_CHOLE','2015-12-20',73),('38','HDL_CHOLE','2016-12-20',44),('38','HDL_CHOLE','2018-11-26',50),('38','HDL_CHOLE','2019-12-31',53),('38','HMG','2015-12-20',13),('38','HMG','2016-12-20',14.6),('38','HMG','2018-11-26',14.5),('38','HMG','2019-12-19',15.7),('38','HMG','2019-12-31',15.1),('38','HMG','2021-12-29',16.4),('38','LDL_CHOLE','2015-12-20',115),('38','LDL_CHOLE','2016-12-20',119),('38','LDL_CHOLE','2018-11-26',89),('38','LDL_CHOLE','2019-12-31',173),('38','OLIG_PROTE_CD','2015-12-20',1),('38','OLIG_PROTE_CD','2016-12-20',1),('38','OLIG_PROTE_CD','2018-11-26',1),('38','OLIG_PROTE_CD','2019-12-19',1),('38','OLIG_PROTE_CD','2019-12-31',1),('38','OLIG_PROTE_CD','2021-12-29',1),('38','SGOT_AST','2015-12-20',20),('38','SGOT_AST','2016-12-20',37),('38','SGOT_AST','2018-11-26',22),('38','SGOT_AST','2019-12-19',78),('38','SGOT_AST','2019-12-31',27),('38','SGOT_AST','2021-12-29',27),('38','SGPT_ALT','2015-12-20',8),('38','SGPT_ALT','2016-12-20',61),('38','SGPT_ALT','2018-11-26',19),('38','SGPT_ALT','2019-12-19',63),('38','SGPT_ALT','2019-12-31',33),('38','SGPT_ALT','2021-12-29',30),('38','TOT_CHOLE','2015-12-20',220),('38','TOT_CHOLE','2016-12-20',183),('38','TOT_CHOLE','2018-11-26',181),('38','TOT_CHOLE','2019-12-31',251),('38','TRIGLYCERIDE','2015-12-20',160),('38','TRIGLYCERIDE','2016-12-20',100),('38','TRIGLYCERIDE','2018-11-26',206),('38','TRIGLYCERIDE','2019-12-31',117),('39','BLDS','2015-12-20',80),('39','BLDS','2016-12-20',91),('39','BLDS','2018-11-26',96),('39','BLDS','2019-12-19',83),('39','BLDS','2019-12-31',76),('39','BLDS','2021-12-29',70),('39','BP_HIGH','2015-12-20',135),('39','BP_HIGH','2016-12-20',135),('39','BP_HIGH','2018-11-26',120),('39','BP_HIGH','2019-12-19',114),('39','BP_HIGH','2019-12-31',137),('39','BP_HIGH','2021-12-29',113),('39','BP_LWST','2015-12-20',68),('39','BP_LWST','2016-12-20',67),('39','BP_LWST','2018-11-26',70),('39','BP_LWST','2019-12-19',72),('39','BP_LWST','2019-12-31',85),('39','BP_LWST','2021-12-29',46),('39','CREATININE','2015-12-20',1.1),('39','CREATININE','2016-12-20',1),('39','CREATININE','2018-11-26',0.7),('39','CREATININE','2019-12-19',0.6),('39','CREATININE','2019-12-31',0.7),('39','CREATININE','2021-12-29',1.6),('39','GAMMA_GTP','2015-12-20',20),('39','GAMMA_GTP','2016-12-20',35),('39','GAMMA_GTP','2018-11-26',20),('39','GAMMA_GTP','2019-12-19',50),('39','GAMMA_GTP','2019-12-31',11),('39','GAMMA_GTP','2021-12-29',12),('39','HDL_CHOLE','2015-12-20',60),('39','HDL_CHOLE','2016-12-20',56),('39','HDL_CHOLE','2018-11-26',51),('39','HMG','2015-12-20',11),('39','HMG','2016-12-20',15.4),('39','HMG','2018-11-26',14),('39','HMG','2019-12-19',14),('39','HMG','2019-12-31',12.1),('39','HMG','2021-12-29',11.1),('39','LDL_CHOLE','2015-12-20',129),('39','LDL_CHOLE','2016-12-20',103),('39','LDL_CHOLE','2018-11-26',129),('39','OLIG_PROTE_CD','2015-12-20',1),('39','OLIG_PROTE_CD','2016-12-20',1),('39','OLIG_PROTE_CD','2018-11-26',1),('39','OLIG_PROTE_CD','2019-12-19',1),('39','OLIG_PROTE_CD','2019-12-31',1),('39','SGOT_AST','2015-12-20',20),('39','SGOT_AST','2016-12-20',20),('39','SGOT_AST','2018-11-26',38),('39','SGOT_AST','2019-12-19',37),('39','SGOT_AST','2019-12-31',23),('39','SGOT_AST','2021-12-29',33),('39','SGPT_ALT','2015-12-20',11),('39','SGPT_ALT','2016-12-20',16),('39','SGPT_ALT','2018-11-26',42),('39','SGPT_ALT','2019-12-19',48),('39','SGPT_ALT','2019-12-31',13),('39','SGPT_ALT','2021-12-29',18),('39','TOT_CHOLE','2015-12-20',201),('39','TOT_CHOLE','2016-12-20',174),('39','TOT_CHOLE','2018-11-26',196),('39','TRIGLYCERIDE','2015-12-20',60),('39','TRIGLYCERIDE','2016-12-20',75),('39','TRIGLYCERIDE','2018-11-26',80),('4','BLDS','2015-12-20',81),('4','BLDS','2016-12-20',110),('4','BLDS','2018-11-26',95),('4','BLDS','2019-12-19',100),('4','BLDS','2019-12-31',85),('4','BLDS','2021-12-29',146),('4','BP_HIGH','2015-12-20',128),('4','BP_HIGH','2016-12-20',120),('4','BP_HIGH','2018-11-26',145),('4','BP_HIGH','2019-12-19',151),('4','BP_HIGH','2019-12-31',131),('4','BP_HIGH','2021-12-29',134),('4','BP_LWST','2015-12-20',64),('4','BP_LWST','2016-12-20',80),('4','BP_LWST','2018-11-26',87),('4','BP_LWST','2019-12-19',89),('4','BP_LWST','2019-12-31',85),('4','BP_LWST','2021-12-29',84),('4','CREATININE','2015-12-20',0.6),('4','CREATININE','2016-12-20',0.9),('4','CREATININE','2018-11-26',1.1),('4','CREATININE','2019-12-19',0.6),('4','CREATININE','2019-12-31',0.7),('4','CREATININE','2021-12-29',1.2),('4','GAMMA_GTP','2015-12-20',12),('4','GAMMA_GTP','2016-12-20',50),('4','GAMMA_GTP','2018-11-26',18),('4','GAMMA_GTP','2019-12-19',13),('4','GAMMA_GTP','2019-12-31',32),('4','GAMMA_GTP','2021-12-29',72),('4','HDL_CHOLE','2015-12-20',59),('4','HDL_CHOLE','2016-12-20',38),('4','HDL_CHOLE','2018-11-26',76),('4','HDL_CHOLE','2019-12-19',80),('4','HMG','2015-12-20',11.2),('4','HMG','2016-12-20',15.1),('4','HMG','2018-11-26',17.6),('4','HMG','2019-12-19',12.7),('4','HMG','2019-12-31',14.5),('4','HMG','2021-12-29',16.4),('4','LDL_CHOLE','2015-12-20',95),('4','LDL_CHOLE','2016-12-20',80),('4','LDL_CHOLE','2018-11-26',104),('4','LDL_CHOLE','2019-12-19',135),('4','OLIG_PROTE_CD','2015-12-20',1),('4','OLIG_PROTE_CD','2016-12-20',1),('4','OLIG_PROTE_CD','2018-11-26',1),('4','OLIG_PROTE_CD','2019-12-19',1),('4','OLIG_PROTE_CD','2019-12-31',1),('4','OLIG_PROTE_CD','2021-12-29',1),('4','SGOT_AST','2015-12-20',12),('4','SGOT_AST','2016-12-20',28),('4','SGOT_AST','2018-11-26',29),('4','SGOT_AST','2019-12-19',19),('4','SGOT_AST','2019-12-31',17),('4','SGOT_AST','2021-12-29',65),('4','SGPT_ALT','2015-12-20',3),('4','SGPT_ALT','2016-12-20',40),('4','SGPT_ALT','2018-11-26',34),('4','SGPT_ALT','2019-12-19',10),('4','SGPT_ALT','2019-12-31',19),('4','SGPT_ALT','2021-12-29',97),('4','TOT_CHOLE','2015-12-20',180),('4','TOT_CHOLE','2016-12-20',168),('4','TOT_CHOLE','2018-11-26',201),('4','TOT_CHOLE','2019-12-19',234),('4','TRIGLYCERIDE','2015-12-20',128),('4','TRIGLYCERIDE','2016-12-20',249),('4','TRIGLYCERIDE','2018-11-26',106),('4','TRIGLYCERIDE','2019-12-19',90),('40','BLDS','2015-12-20',108),('40','BLDS','2016-12-20',78),('40','BLDS','2018-11-26',89),('40','BLDS','2019-12-19',97),('40','BLDS','2019-12-31',86),('40','BLDS','2021-12-29',84),('40','BP_HIGH','2015-12-20',138),('40','BP_HIGH','2016-12-20',100),('40','BP_HIGH','2018-11-26',91),('40','BP_HIGH','2019-12-19',121),('40','BP_HIGH','2019-12-31',130),('40','BP_HIGH','2021-12-29',124),('40','BP_LWST','2015-12-20',88),('40','BP_LWST','2016-12-20',60),('40','BP_LWST','2018-11-26',58),('40','BP_LWST','2019-12-19',76),('40','BP_LWST','2019-12-31',80),('40','BP_LWST','2021-12-29',66),('40','CREATININE','2015-12-20',0.8),('40','CREATININE','2016-12-20',1.1),('40','CREATININE','2018-11-26',1),('40','CREATININE','2019-12-19',0.8),('40','CREATININE','2019-12-31',0.6),('40','CREATININE','2021-12-29',0.6),('40','GAMMA_GTP','2015-12-20',13),('40','GAMMA_GTP','2016-12-20',23),('40','GAMMA_GTP','2018-11-26',19),('40','GAMMA_GTP','2019-12-19',22),('40','GAMMA_GTP','2019-12-31',45),('40','GAMMA_GTP','2021-12-29',14),('40','HDL_CHOLE','2015-12-20',51),('40','HDL_CHOLE','2016-12-20',33),('40','HDL_CHOLE','2018-11-26',76),('40','HDL_CHOLE','2019-12-31',41),('40','HMG','2015-12-20',11),('40','HMG','2016-12-20',12.7),('40','HMG','2018-11-26',13.1),('40','HMG','2019-12-19',16.3),('40','HMG','2019-12-31',14.3),('40','HMG','2021-12-29',12.1),('40','LDL_CHOLE','2015-12-20',82),('40','LDL_CHOLE','2016-12-20',133),('40','LDL_CHOLE','2018-11-26',132),('40','LDL_CHOLE','2019-12-31',130),('40','OLIG_PROTE_CD','2015-12-20',1),('40','OLIG_PROTE_CD','2016-12-20',1),('40','OLIG_PROTE_CD','2019-12-19',1),('40','OLIG_PROTE_CD','2019-12-31',1),('40','OLIG_PROTE_CD','2021-12-29',3),('40','SGOT_AST','2015-12-20',23),('40','SGOT_AST','2016-12-20',25),('40','SGOT_AST','2018-11-26',19),('40','SGOT_AST','2019-12-19',22),('40','SGOT_AST','2019-12-31',22),('40','SGOT_AST','2021-12-29',32),('40','SGPT_ALT','2015-12-20',5),('40','SGPT_ALT','2016-12-20',13),('40','SGPT_ALT','2018-11-26',9),('40','SGPT_ALT','2019-12-19',28),('40','SGPT_ALT','2019-12-31',21),('40','SGPT_ALT','2021-12-29',18),('40','TOT_CHOLE','2015-12-20',158),('40','TOT_CHOLE','2016-12-20',213),('40','TOT_CHOLE','2018-11-26',221),('40','TOT_CHOLE','2019-12-31',199),('40','TRIGLYCERIDE','2015-12-20',121),('40','TRIGLYCERIDE','2016-12-20',235),('40','TRIGLYCERIDE','2018-11-26',66),('40','TRIGLYCERIDE','2019-12-31',138),('41','BLDS','2015-12-20',89),('41','BLDS','2016-12-20',158),('41','BLDS','2018-11-26',87),('41','BLDS','2019-12-19',101),('41','BLDS','2019-12-31',112),('41','BLDS','2021-12-29',85),('41','BP_HIGH','2015-12-20',100),('41','BP_HIGH','2016-12-20',116),('41','BP_HIGH','2018-11-26',132),('41','BP_HIGH','2019-12-19',126),('41','BP_HIGH','2019-12-31',150),('41','BP_HIGH','2021-12-29',110),('41','BP_LWST','2015-12-20',60),('41','BP_LWST','2016-12-20',65),('41','BP_LWST','2018-11-26',102),('41','BP_LWST','2019-12-19',84),('41','BP_LWST','2019-12-31',90),('41','BP_LWST','2021-12-29',64),('41','CREATININE','2015-12-20',0.9),('41','CREATININE','2016-12-20',1.1),('41','CREATININE','2018-11-26',0.7),('41','CREATININE','2019-12-19',0.8),('41','CREATININE','2019-12-31',0.9),('41','CREATININE','2021-12-29',0.9),('41','GAMMA_GTP','2015-12-20',21),('41','GAMMA_GTP','2016-12-20',44),('41','GAMMA_GTP','2018-11-26',62),('41','GAMMA_GTP','2019-12-19',16),('41','GAMMA_GTP','2019-12-31',32),('41','GAMMA_GTP','2021-12-29',14),('41','HDL_CHOLE','2015-12-20',60),('41','HDL_CHOLE','2016-12-20',53),('41','HDL_CHOLE','2018-11-26',50),('41','HMG','2015-12-20',11.5),('41','HMG','2016-12-20',13.1),('41','HMG','2018-11-26',15.1),('41','HMG','2019-12-19',14.3),('41','HMG','2019-12-31',12.6),('41','HMG','2021-12-29',13.5),('41','LDL_CHOLE','2015-12-20',61),('41','LDL_CHOLE','2016-12-20',130),('41','LDL_CHOLE','2018-11-26',146),('41','OLIG_PROTE_CD','2015-12-20',1),('41','OLIG_PROTE_CD','2016-12-20',5),('41','OLIG_PROTE_CD','2018-11-26',1),('41','OLIG_PROTE_CD','2019-12-19',1),('41','OLIG_PROTE_CD','2019-12-31',1),('41','OLIG_PROTE_CD','2021-12-29',1),('41','SGOT_AST','2015-12-20',23),('41','SGOT_AST','2016-12-20',24),('41','SGOT_AST','2018-11-26',19),('41','SGOT_AST','2019-12-19',16),('41','SGOT_AST','2019-12-31',25),('41','SGOT_AST','2021-12-29',24),('41','SGPT_ALT','2015-12-20',14),('41','SGPT_ALT','2016-12-20',10),('41','SGPT_ALT','2018-11-26',15),('41','SGPT_ALT','2019-12-19',10),('41','SGPT_ALT','2019-12-31',30),('41','SGPT_ALT','2021-12-29',21),('41','TOT_CHOLE','2015-12-20',139),('41','TOT_CHOLE','2016-12-20',197),('41','TOT_CHOLE','2018-11-26',240),('41','TRIGLYCERIDE','2015-12-20',88),('41','TRIGLYCERIDE','2016-12-20',72),('41','TRIGLYCERIDE','2018-11-26',512),('42','BLDS','2015-12-20',114),('42','BLDS','2016-12-20',102),('42','BLDS','2018-11-26',103),('42','BLDS','2019-12-19',142),('42','BLDS','2019-12-31',76),('42','BLDS','2021-12-29',77),('42','BP_HIGH','2015-12-20',105),('42','BP_HIGH','2016-12-20',137),('42','BP_HIGH','2018-11-26',110),('42','BP_HIGH','2019-12-19',123),('42','BP_HIGH','2019-12-31',120),('42','BP_HIGH','2021-12-29',130),('42','BP_LWST','2015-12-20',66),('42','BP_LWST','2016-12-20',68),('42','BP_LWST','2018-11-26',60),('42','BP_LWST','2019-12-19',84),('42','BP_LWST','2019-12-31',76),('42','BP_LWST','2021-12-29',75),('42','CREATININE','2015-12-20',1),('42','CREATININE','2016-12-20',0.7),('42','CREATININE','2018-11-26',0.8),('42','CREATININE','2019-12-19',0.8),('42','CREATININE','2019-12-31',0.7),('42','CREATININE','2021-12-29',0.7),('42','GAMMA_GTP','2015-12-20',19),('42','GAMMA_GTP','2016-12-20',23),('42','GAMMA_GTP','2018-11-26',23),('42','GAMMA_GTP','2019-12-19',74),('42','GAMMA_GTP','2019-12-31',26),('42','GAMMA_GTP','2021-12-29',15),('42','HDL_CHOLE','2015-12-20',58),('42','HDL_CHOLE','2016-12-20',41),('42','HDL_CHOLE','2018-11-26',46),('42','HDL_CHOLE','2019-12-19',53),('42','HDL_CHOLE','2019-12-31',33),('42','HDL_CHOLE','2021-12-29',77),('42','HMG','2015-12-20',12.2),('42','HMG','2016-12-20',11.3),('42','HMG','2018-11-26',10.8),('42','HMG','2019-12-19',15.6),('42','HMG','2019-12-31',15.1),('42','HMG','2021-12-29',14.3),('42','LDL_CHOLE','2015-12-20',130),('42','LDL_CHOLE','2016-12-20',74),('42','LDL_CHOLE','2018-11-26',128),('42','LDL_CHOLE','2019-12-19',75),('42','LDL_CHOLE','2019-12-31',117),('42','LDL_CHOLE','2021-12-29',137),('42','OLIG_PROTE_CD','2015-12-20',1),('42','OLIG_PROTE_CD','2016-12-20',4),('42','OLIG_PROTE_CD','2018-11-26',1),('42','OLIG_PROTE_CD','2019-12-19',1),('42','OLIG_PROTE_CD','2019-12-31',1),('42','OLIG_PROTE_CD','2021-12-29',1),('42','SGOT_AST','2015-12-20',26),('42','SGOT_AST','2016-12-20',23),('42','SGOT_AST','2018-11-26',19),('42','SGOT_AST','2019-12-19',28),('42','SGOT_AST','2019-12-31',29),('42','SGOT_AST','2021-12-29',15),('42','SGPT_ALT','2015-12-20',12),('42','SGPT_ALT','2016-12-20',21),('42','SGPT_ALT','2018-11-26',10),('42','SGPT_ALT','2019-12-19',33),('42','SGPT_ALT','2019-12-31',37),('42','SGPT_ALT','2021-12-29',9),('42','TOT_CHOLE','2015-12-20',216),('42','TOT_CHOLE','2016-12-20',129),('42','TOT_CHOLE','2018-11-26',209),('42','TOT_CHOLE','2019-12-19',166),('42','TOT_CHOLE','2019-12-31',184),('42','TOT_CHOLE','2021-12-29',227),('42','TRIGLYCERIDE','2015-12-20',138),('42','TRIGLYCERIDE','2016-12-20',71),('42','TRIGLYCERIDE','2018-11-26',177),('42','TRIGLYCERIDE','2019-12-19',186),('42','TRIGLYCERIDE','2019-12-31',169),('42','TRIGLYCERIDE','2021-12-29',63),('43','BLDS','2015-12-20',102),('43','BLDS','2016-12-20',120),('43','BLDS','2018-11-26',103),('43','BLDS','2019-12-19',100),('43','BLDS','2019-12-31',133),('43','BLDS','2021-12-29',97),('43','BP_HIGH','2015-12-20',134),('43','BP_HIGH','2016-12-20',128),('43','BP_HIGH','2018-11-26',142),('43','BP_HIGH','2019-12-19',128),('43','BP_HIGH','2019-12-31',133),('43','BP_HIGH','2021-12-29',143),('43','BP_LWST','2015-12-20',73),('43','BP_LWST','2016-12-20',68),('43','BP_LWST','2018-11-26',85),('43','BP_LWST','2019-12-19',80),('43','BP_LWST','2019-12-31',87),('43','BP_LWST','2021-12-29',81),('43','CREATININE','2015-12-20',1),('43','CREATININE','2016-12-20',1),('43','CREATININE','2018-11-26',0.9),('43','CREATININE','2019-12-19',1.1),('43','CREATININE','2019-12-31',1.2),('43','CREATININE','2021-12-29',0.6),('43','GAMMA_GTP','2015-12-20',29),('43','GAMMA_GTP','2016-12-20',10),('43','GAMMA_GTP','2018-11-26',32),('43','GAMMA_GTP','2019-12-19',43),('43','GAMMA_GTP','2019-12-31',35),('43','GAMMA_GTP','2021-12-29',32),('43','HDL_CHOLE','2015-12-20',29),('43','HDL_CHOLE','2016-12-20',50),('43','HDL_CHOLE','2018-11-26',59),('43','HDL_CHOLE','2019-12-31',42),('43','HMG','2015-12-20',12.5),('43','HMG','2016-12-20',12),('43','HMG','2018-11-26',15.4),('43','HMG','2019-12-19',13.4),('43','HMG','2019-12-31',14.8),('43','HMG','2021-12-29',13.4),('43','LDL_CHOLE','2015-12-20',96),('43','LDL_CHOLE','2016-12-20',51),('43','LDL_CHOLE','2018-11-26',62),('43','LDL_CHOLE','2019-12-31',145),('43','OLIG_PROTE_CD','2015-12-20',3),('43','OLIG_PROTE_CD','2016-12-20',1),('43','OLIG_PROTE_CD','2018-11-26',1),('43','OLIG_PROTE_CD','2019-12-19',1),('43','OLIG_PROTE_CD','2019-12-31',1),('43','OLIG_PROTE_CD','2021-12-29',1),('43','SGOT_AST','2015-12-20',24),('43','SGOT_AST','2016-12-20',17),('43','SGOT_AST','2018-11-26',19),('43','SGOT_AST','2019-12-19',20),('43','SGOT_AST','2019-12-31',31),('43','SGOT_AST','2021-12-29',30),('43','SGPT_ALT','2015-12-20',19),('43','SGPT_ALT','2016-12-20',14),('43','SGPT_ALT','2018-11-26',15),('43','SGPT_ALT','2019-12-19',19),('43','SGPT_ALT','2019-12-31',31),('43','SGPT_ALT','2021-12-29',23),('43','TOT_CHOLE','2015-12-20',195),('43','TOT_CHOLE','2016-12-20',118),('43','TOT_CHOLE','2018-11-26',137),('43','TOT_CHOLE','2019-12-31',233),('43','TRIGLYCERIDE','2015-12-20',347),('43','TRIGLYCERIDE','2016-12-20',84),('43','TRIGLYCERIDE','2018-11-26',99),('43','TRIGLYCERIDE','2019-12-31',229),('44','BLDS','2015-12-20',96),('44','BLDS','2016-12-20',240),('44','BLDS','2018-11-26',98),('44','BLDS','2019-12-19',117),('44','BLDS','2019-12-31',86),('44','BLDS','2021-12-29',85),('44','BP_HIGH','2015-12-20',160),('44','BP_HIGH','2016-12-20',130),('44','BP_HIGH','2018-11-26',127),('44','BP_HIGH','2019-12-19',121),('44','BP_HIGH','2019-12-31',118),('44','BP_HIGH','2021-12-29',128),('44','BP_LWST','2015-12-20',80),('44','BP_LWST','2016-12-20',70),('44','BP_LWST','2018-11-26',72),('44','BP_LWST','2019-12-19',81),('44','BP_LWST','2019-12-31',73),('44','BP_LWST','2021-12-29',81),('44','CREATININE','2015-12-20',0.8),('44','CREATININE','2016-12-20',1.1),('44','CREATININE','2018-11-26',1),('44','CREATININE','2019-12-19',0.6),('44','CREATININE','2019-12-31',0.8),('44','CREATININE','2021-12-29',0.5),('44','GAMMA_GTP','2015-12-20',14),('44','GAMMA_GTP','2016-12-20',33),('44','GAMMA_GTP','2018-11-26',93),('44','GAMMA_GTP','2019-12-19',43),('44','GAMMA_GTP','2019-12-31',13),('44','GAMMA_GTP','2021-12-29',17),('44','HDL_CHOLE','2015-12-20',48),('44','HDL_CHOLE','2016-12-20',47),('44','HDL_CHOLE','2018-11-26',46),('44','HDL_CHOLE','2019-12-19',60),('44','HMG','2015-12-20',13.2),('44','HMG','2016-12-20',13.2),('44','HMG','2018-11-26',15.6),('44','HMG','2019-12-19',16.5),('44','HMG','2019-12-31',13.4),('44','HMG','2021-12-29',14.2),('44','LDL_CHOLE','2015-12-20',115),('44','LDL_CHOLE','2016-12-20',147),('44','LDL_CHOLE','2018-11-26',82),('44','LDL_CHOLE','2019-12-19',70),('44','OLIG_PROTE_CD','2015-12-20',1),('44','OLIG_PROTE_CD','2016-12-20',1),('44','OLIG_PROTE_CD','2018-11-26',1),('44','OLIG_PROTE_CD','2019-12-19',1),('44','OLIG_PROTE_CD','2019-12-31',1),('44','OLIG_PROTE_CD','2021-12-29',1),('44','SGOT_AST','2015-12-20',21),('44','SGOT_AST','2016-12-20',46),('44','SGOT_AST','2018-11-26',30),('44','SGOT_AST','2019-12-19',26),('44','SGOT_AST','2019-12-31',17),('44','SGOT_AST','2021-12-29',22),('44','SGPT_ALT','2015-12-20',10),('44','SGPT_ALT','2016-12-20',25),('44','SGPT_ALT','2018-11-26',20),('44','SGPT_ALT','2019-12-19',31),('44','SGPT_ALT','2019-12-31',8),('44','SGPT_ALT','2021-12-29',17),('44','TOT_CHOLE','2015-12-20',177),('44','TOT_CHOLE','2016-12-20',220),('44','TOT_CHOLE','2018-11-26',241),('44','TOT_CHOLE','2019-12-19',145),('44','TRIGLYCERIDE','2015-12-20',68),('44','TRIGLYCERIDE','2016-12-20',128),('44','TRIGLYCERIDE','2018-11-26',513),('44','TRIGLYCERIDE','2019-12-19',64),('45','BLDS','2015-12-20',107),('45','BLDS','2016-12-20',104),('45','BLDS','2018-11-26',99),('45','BLDS','2019-12-19',128),('45','BLDS','2019-12-31',88),('45','BLDS','2021-12-29',101),('45','BP_HIGH','2015-12-20',135),('45','BP_HIGH','2016-12-20',140),('45','BP_HIGH','2018-11-26',120),('45','BP_HIGH','2019-12-19',139),('45','BP_HIGH','2019-12-31',137),('45','BP_HIGH','2021-12-29',134),('45','BP_LWST','2015-12-20',90),('45','BP_LWST','2016-12-20',80),('45','BP_LWST','2018-11-26',76),('45','BP_LWST','2019-12-19',79),('45','BP_LWST','2019-12-31',80),('45','BP_LWST','2021-12-29',76),('45','CREATININE','2015-12-20',1.4),('45','CREATININE','2016-12-20',0.8),('45','CREATININE','2018-11-26',0.5),('45','CREATININE','2019-12-19',0.8),('45','CREATININE','2019-12-31',0.7),('45','CREATININE','2021-12-29',0.8),('45','GAMMA_GTP','2015-12-20',14),('45','GAMMA_GTP','2016-12-20',17),('45','GAMMA_GTP','2018-11-26',15),('45','GAMMA_GTP','2019-12-19',31),('45','GAMMA_GTP','2019-12-31',32),('45','GAMMA_GTP','2021-12-29',18),('45','HDL_CHOLE','2015-12-20',56),('45','HDL_CHOLE','2016-12-20',39),('45','HDL_CHOLE','2018-11-26',63),('45','HDL_CHOLE','2019-12-19',51),('45','HMG','2015-12-20',10.2),('45','HMG','2016-12-20',11),('45','HMG','2018-11-26',11.8),('45','HMG','2019-12-19',16.2),('45','HMG','2019-12-31',10.3),('45','HMG','2021-12-29',14.8),('45','LDL_CHOLE','2015-12-20',159),('45','LDL_CHOLE','2016-12-20',76),('45','LDL_CHOLE','2018-11-26',101),('45','LDL_CHOLE','2019-12-19',155),('45','OLIG_PROTE_CD','2015-12-20',1),('45','OLIG_PROTE_CD','2016-12-20',1),('45','OLIG_PROTE_CD','2018-11-26',1),('45','OLIG_PROTE_CD','2019-12-19',1),('45','OLIG_PROTE_CD','2019-12-31',1),('45','OLIG_PROTE_CD','2021-12-29',1),('45','SGOT_AST','2015-12-20',19),('45','SGOT_AST','2016-12-20',18),('45','SGOT_AST','2018-11-26',21),('45','SGOT_AST','2019-12-19',52),('45','SGOT_AST','2019-12-31',21),('45','SGOT_AST','2021-12-29',15),('45','SGPT_ALT','2015-12-20',17),('45','SGPT_ALT','2016-12-20',11),('45','SGPT_ALT','2018-11-26',20),('45','SGPT_ALT','2019-12-19',77),('45','SGPT_ALT','2019-12-31',27),('45','SGPT_ALT','2021-12-29',13),('45','TOT_CHOLE','2015-12-20',241),('45','TOT_CHOLE','2016-12-20',141),('45','TOT_CHOLE','2018-11-26',180),('45','TOT_CHOLE','2019-12-19',224),('45','TRIGLYCERIDE','2015-12-20',130),('45','TRIGLYCERIDE','2016-12-20',130),('45','TRIGLYCERIDE','2018-11-26',79),('45','TRIGLYCERIDE','2019-12-19',82),('46','BLDS','2015-12-20',85),('46','BLDS','2016-12-20',87),('46','BLDS','2018-11-26',86),('46','BLDS','2019-12-19',83),('46','BLDS','2019-12-31',91),('46','BLDS','2021-12-29',128),('46','BP_HIGH','2015-12-20',130),('46','BP_HIGH','2016-12-20',101),('46','BP_HIGH','2018-11-26',102),('46','BP_HIGH','2019-12-19',127),('46','BP_HIGH','2019-12-31',144),('46','BP_HIGH','2021-12-29',139),('46','BP_LWST','2015-12-20',80),('46','BP_LWST','2016-12-20',80),('46','BP_LWST','2018-11-26',70),('46','BP_LWST','2019-12-19',87),('46','BP_LWST','2019-12-31',88),('46','BP_LWST','2021-12-29',98),('46','CREATININE','2015-12-20',1),('46','CREATININE','2016-12-20',0.6),('46','CREATININE','2018-11-26',1),('46','CREATININE','2019-12-19',0.8),('46','CREATININE','2019-12-31',0.8),('46','CREATININE','2021-12-29',1.3),('46','GAMMA_GTP','2015-12-20',12),('46','GAMMA_GTP','2016-12-20',11),('46','GAMMA_GTP','2018-11-26',13),('46','GAMMA_GTP','2019-12-19',168),('46','GAMMA_GTP','2019-12-31',30),('46','GAMMA_GTP','2021-12-29',39),('46','HDL_CHOLE','2015-12-20',30),('46','HDL_CHOLE','2016-12-20',22),('46','HDL_CHOLE','2018-11-26',66),('46','HDL_CHOLE','2019-12-19',48),('46','HMG','2015-12-20',11.1),('46','HMG','2016-12-20',10.4),('46','HMG','2018-11-26',12.5),('46','HMG','2019-12-19',16.8),('46','HMG','2019-12-31',15.8),('46','HMG','2021-12-29',15),('46','LDL_CHOLE','2015-12-20',80),('46','LDL_CHOLE','2016-12-20',66),('46','LDL_CHOLE','2018-11-26',77),('46','LDL_CHOLE','2019-12-19',166),('46','OLIG_PROTE_CD','2015-12-20',1),('46','OLIG_PROTE_CD','2016-12-20',1),('46','OLIG_PROTE_CD','2018-11-26',1),('46','OLIG_PROTE_CD','2019-12-19',1),('46','OLIG_PROTE_CD','2019-12-31',1),('46','OLIG_PROTE_CD','2021-12-29',1),('46','SGOT_AST','2015-12-20',27),('46','SGOT_AST','2016-12-20',21),('46','SGOT_AST','2018-11-26',18),('46','SGOT_AST','2019-12-19',39),('46','SGOT_AST','2019-12-31',26),('46','SGOT_AST','2021-12-29',19),('46','SGPT_ALT','2015-12-20',7),('46','SGPT_ALT','2016-12-20',9),('46','SGPT_ALT','2018-11-26',7),('46','SGPT_ALT','2019-12-19',83),('46','SGPT_ALT','2019-12-31',20),('46','SGPT_ALT','2021-12-29',16),('46','TOT_CHOLE','2015-12-20',125),('46','TOT_CHOLE','2016-12-20',152),('46','TOT_CHOLE','2018-11-26',153),('46','TOT_CHOLE','2019-12-19',240),('46','TRIGLYCERIDE','2015-12-20',75),('46','TRIGLYCERIDE','2016-12-20',320),('46','TRIGLYCERIDE','2018-11-26',50),('46','TRIGLYCERIDE','2019-12-19',128),('47','BLDS','2015-12-20',97),('47','BLDS','2016-12-20',90),('47','BLDS','2018-11-26',100),('47','BLDS','2019-12-19',113),('47','BLDS','2019-12-31',98),('47','BLDS','2021-12-29',92),('47','BP_HIGH','2015-12-20',100),('47','BP_HIGH','2016-12-20',166),('47','BP_HIGH','2018-11-26',126),('47','BP_HIGH','2019-12-19',126),('47','BP_HIGH','2019-12-31',120),('47','BP_HIGH','2021-12-29',120),('47','BP_LWST','2015-12-20',70),('47','BP_LWST','2016-12-20',93),('47','BP_LWST','2018-11-26',84),('47','BP_LWST','2019-12-19',72),('47','BP_LWST','2019-12-31',80),('47','BP_LWST','2021-12-29',80),('47','CREATININE','2015-12-20',0.8),('47','CREATININE','2016-12-20',0.7),('47','CREATININE','2018-11-26',0.8),('47','CREATININE','2019-12-19',0.8),('47','CREATININE','2019-12-31',1),('47','CREATININE','2021-12-29',0.9),('47','GAMMA_GTP','2015-12-20',16),('47','GAMMA_GTP','2016-12-20',30),('47','GAMMA_GTP','2018-11-26',25),('47','GAMMA_GTP','2019-12-19',163),('47','GAMMA_GTP','2019-12-31',34),('47','GAMMA_GTP','2021-12-29',24),('47','HDL_CHOLE','2015-12-20',56),('47','HDL_CHOLE','2016-12-20',82),('47','HDL_CHOLE','2018-11-26',70),('47','HMG','2015-12-20',13.2),('47','HMG','2016-12-20',12.8),('47','HMG','2018-11-26',15),('47','HMG','2019-12-19',15.5),('47','HMG','2019-12-31',14.3),('47','HMG','2021-12-29',15.7),('47','LDL_CHOLE','2015-12-20',119),('47','LDL_CHOLE','2016-12-20',67),('47','LDL_CHOLE','2018-11-26',119),('47','OLIG_PROTE_CD','2015-12-20',1),('47','OLIG_PROTE_CD','2016-12-20',1),('47','OLIG_PROTE_CD','2018-11-26',1),('47','OLIG_PROTE_CD','2019-12-19',1),('47','OLIG_PROTE_CD','2019-12-31',1),('47','OLIG_PROTE_CD','2021-12-29',1),('47','SGOT_AST','2015-12-20',22),('47','SGOT_AST','2016-12-20',27),('47','SGOT_AST','2018-11-26',19),('47','SGOT_AST','2019-12-19',27),('47','SGOT_AST','2019-12-31',22),('47','SGOT_AST','2021-12-29',23),('47','SGPT_ALT','2015-12-20',12),('47','SGPT_ALT','2016-12-20',20),('47','SGPT_ALT','2018-11-26',15),('47','SGPT_ALT','2019-12-19',26),('47','SGPT_ALT','2019-12-31',19),('47','SGPT_ALT','2021-12-29',28),('47','TOT_CHOLE','2015-12-20',194),('47','TOT_CHOLE','2016-12-20',166),('47','TOT_CHOLE','2018-11-26',219),('47','TRIGLYCERIDE','2015-12-20',96),('47','TRIGLYCERIDE','2016-12-20',90),('47','TRIGLYCERIDE','2018-11-26',149),('48','BLDS','2015-12-20',100),('48','BLDS','2016-12-20',90),('48','BLDS','2018-11-26',80),('48','BLDS','2019-12-19',73),('48','BLDS','2019-12-31',138),('48','BLDS','2021-12-29',114),('48','BP_HIGH','2015-12-20',130),('48','BP_HIGH','2016-12-20',120),('48','BP_HIGH','2018-11-26',120),('48','BP_HIGH','2019-12-19',110),('48','BP_HIGH','2019-12-31',137),('48','BP_HIGH','2021-12-29',110),('48','BP_LWST','2015-12-20',80),('48','BP_LWST','2016-12-20',80),('48','BP_LWST','2018-11-26',80),('48','BP_LWST','2019-12-19',70),('48','BP_LWST','2019-12-31',75),('48','BP_LWST','2021-12-29',72),('48','CREATININE','2015-12-20',0.8),('48','CREATININE','2016-12-20',0.5),('48','CREATININE','2018-11-26',0.7),('48','CREATININE','2019-12-19',1),('48','CREATININE','2019-12-31',1),('48','CREATININE','2021-12-29',1),('48','GAMMA_GTP','2015-12-20',14),('48','GAMMA_GTP','2016-12-20',10),('48','GAMMA_GTP','2018-11-26',12),('48','GAMMA_GTP','2019-12-19',55),('48','GAMMA_GTP','2019-12-31',123),('48','GAMMA_GTP','2021-12-29',43),('48','HDL_CHOLE','2015-12-20',43),('48','HDL_CHOLE','2016-12-20',70),('48','HDL_CHOLE','2018-11-26',56),('48','HDL_CHOLE','2019-12-19',44),('48','HDL_CHOLE','2021-12-29',53),('48','HMG','2015-12-20',12.1),('48','HMG','2016-12-20',10.5),('48','HMG','2018-11-26',13.2),('48','HMG','2019-12-19',13.3),('48','HMG','2019-12-31',14.7),('48','HMG','2021-12-29',16.3),('48','LDL_CHOLE','2015-12-20',172),('48','LDL_CHOLE','2016-12-20',176),('48','LDL_CHOLE','2018-11-26',163),('48','LDL_CHOLE','2019-12-19',142),('48','LDL_CHOLE','2021-12-29',125),('48','OLIG_PROTE_CD','2015-12-20',1),('48','OLIG_PROTE_CD','2016-12-20',1),('48','OLIG_PROTE_CD','2018-11-26',1),('48','OLIG_PROTE_CD','2019-12-19',1),('48','OLIG_PROTE_CD','2019-12-31',1),('48','OLIG_PROTE_CD','2021-12-29',1),('48','SGOT_AST','2015-12-20',21),('48','SGOT_AST','2016-12-20',21),('48','SGOT_AST','2018-11-26',17),('48','SGOT_AST','2019-12-19',35),('48','SGOT_AST','2019-12-31',33),('48','SGOT_AST','2021-12-29',28),('48','SGPT_ALT','2015-12-20',10),('48','SGPT_ALT','2016-12-20',13),('48','SGPT_ALT','2018-11-26',18),('48','SGPT_ALT','2019-12-19',47),('48','SGPT_ALT','2019-12-31',37),('48','SGPT_ALT','2021-12-29',20),('48','TOT_CHOLE','2015-12-20',244),('48','TOT_CHOLE','2016-12-20',268),('48','TOT_CHOLE','2018-11-26',235),('48','TOT_CHOLE','2019-12-19',219),('48','TOT_CHOLE','2021-12-29',199),('48','TRIGLYCERIDE','2015-12-20',147),('48','TRIGLYCERIDE','2016-12-20',110),('48','TRIGLYCERIDE','2018-11-26',79),('48','TRIGLYCERIDE','2019-12-19',163),('48','TRIGLYCERIDE','2021-12-29',106),('49','BLDS','2015-12-20',112),('49','BLDS','2016-12-20',104),('49','BLDS','2018-11-26',90),('49','BLDS','2019-12-19',91),('49','BLDS','2019-12-31',82),('49','BLDS','2021-12-29',115),('49','BP_HIGH','2015-12-20',130),('49','BP_HIGH','2016-12-20',128),('49','BP_HIGH','2018-11-26',138),('49','BP_HIGH','2019-12-19',115),('49','BP_HIGH','2019-12-31',97),('49','BP_HIGH','2021-12-29',129),('49','BP_LWST','2015-12-20',80),('49','BP_LWST','2016-12-20',72),('49','BP_LWST','2018-11-26',74),('49','BP_LWST','2019-12-19',69),('49','BP_LWST','2019-12-31',57),('49','BP_LWST','2021-12-29',80),('49','CREATININE','2015-12-20',0.6),('49','CREATININE','2016-12-20',0.9),('49','CREATININE','2018-11-26',0.7),('49','CREATININE','2019-12-19',0.8),('49','CREATININE','2019-12-31',0.5),('49','CREATININE','2021-12-29',0.9),('49','GAMMA_GTP','2015-12-20',117),('49','GAMMA_GTP','2016-12-20',23),('49','GAMMA_GTP','2018-11-26',9),('49','GAMMA_GTP','2019-12-19',61),('49','GAMMA_GTP','2019-12-31',7),('49','GAMMA_GTP','2021-12-29',28),('49','HDL_CHOLE','2015-12-20',42),('49','HDL_CHOLE','2016-12-20',48),('49','HDL_CHOLE','2018-11-26',60),('49','HDL_CHOLE','2021-12-29',40),('49','HMG','2015-12-20',10.6),('49','HMG','2016-12-20',13.9),('49','HMG','2018-11-26',13.4),('49','HMG','2019-12-19',14.7),('49','HMG','2019-12-31',11.8),('49','HMG','2021-12-29',14.7),('49','LDL_CHOLE','2015-12-20',106),('49','LDL_CHOLE','2016-12-20',49),('49','LDL_CHOLE','2018-11-26',178),('49','LDL_CHOLE','2021-12-29',40),('49','OLIG_PROTE_CD','2015-12-20',3),('49','OLIG_PROTE_CD','2016-12-20',1),('49','OLIG_PROTE_CD','2018-11-26',1),('49','OLIG_PROTE_CD','2019-12-19',1),('49','OLIG_PROTE_CD','2019-12-31',1),('49','OLIG_PROTE_CD','2021-12-29',1),('49','SGOT_AST','2015-12-20',11),('49','SGOT_AST','2016-12-20',33),('49','SGOT_AST','2018-11-26',14),('49','SGOT_AST','2019-12-19',13),('49','SGOT_AST','2019-12-31',19),('49','SGOT_AST','2021-12-29',36),('49','SGPT_ALT','2015-12-20',4),('49','SGPT_ALT','2016-12-20',18),('49','SGPT_ALT','2018-11-26',12),('49','SGPT_ALT','2019-12-19',17),('49','SGPT_ALT','2019-12-31',10),('49','SGPT_ALT','2021-12-29',36),('49','TOT_CHOLE','2015-12-20',165),('49','TOT_CHOLE','2016-12-20',121),('49','TOT_CHOLE','2018-11-26',263),('49','TOT_CHOLE','2021-12-29',94),('49','TRIGLYCERIDE','2015-12-20',86),('49','TRIGLYCERIDE','2016-12-20',120),('49','TRIGLYCERIDE','2018-11-26',121),('49','TRIGLYCERIDE','2021-12-29',67),('5','BLDS','2015-12-20',91),('5','BLDS','2016-12-20',104),('5','BLDS','2018-11-26',101),('5','BLDS','2019-12-19',124),('5','BLDS','2019-12-31',91),('5','BLDS','2021-12-29',110),('5','BP_HIGH','2015-12-20',120),('5','BP_HIGH','2016-12-20',89),('5','BP_HIGH','2018-11-26',138),('5','BP_HIGH','2019-12-19',114),('5','BP_HIGH','2019-12-31',112),('5','BP_HIGH','2021-12-29',144),('5','BP_LWST','2015-12-20',80),('5','BP_LWST','2016-12-20',46),('5','BP_LWST','2018-11-26',82),('5','BP_LWST','2019-12-19',62),('5','BP_LWST','2019-12-31',66),('5','BP_LWST','2021-12-29',89),('5','CREATININE','2015-12-20',0.9),('5','CREATININE','2016-12-20',1),('5','CREATININE','2018-11-26',0.8),('5','CREATININE','2019-12-19',0.5),('5','CREATININE','2019-12-31',0.9),('5','CREATININE','2021-12-29',0.7),('5','GAMMA_GTP','2015-12-20',12),('5','GAMMA_GTP','2016-12-20',19),('5','GAMMA_GTP','2018-11-26',25),('5','GAMMA_GTP','2019-12-19',12),('5','GAMMA_GTP','2019-12-31',19),('5','GAMMA_GTP','2021-12-29',14),('5','HDL_CHOLE','2015-12-20',55),('5','HDL_CHOLE','2016-12-20',55),('5','HDL_CHOLE','2018-11-26',61),('5','HDL_CHOLE','2021-12-29',53),('5','HMG','2015-12-20',12.9),('5','HMG','2016-12-20',14.4),('5','HMG','2018-11-26',13.8),('5','HMG','2019-12-19',11.6),('5','HMG','2019-12-31',14.9),('5','HMG','2021-12-29',12.4),('5','LDL_CHOLE','2015-12-20',183),('5','LDL_CHOLE','2016-12-20',123),('5','LDL_CHOLE','2018-11-26',117),('5','LDL_CHOLE','2021-12-29',133),('5','OLIG_PROTE_CD','2015-12-20',1),('5','OLIG_PROTE_CD','2016-12-20',3),('5','OLIG_PROTE_CD','2018-11-26',1),('5','OLIG_PROTE_CD','2019-12-19',1),('5','OLIG_PROTE_CD','2019-12-31',1),('5','OLIG_PROTE_CD','2021-12-29',1),('5','SGOT_AST','2015-12-20',18),('5','SGOT_AST','2016-12-20',20),('5','SGOT_AST','2018-11-26',19),('5','SGOT_AST','2019-12-19',26),('5','SGOT_AST','2019-12-31',19),('5','SGOT_AST','2021-12-29',18),('5','SGPT_ALT','2015-12-20',16),('5','SGPT_ALT','2016-12-20',13),('5','SGPT_ALT','2018-11-26',12),('5','SGPT_ALT','2019-12-19',26),('5','SGPT_ALT','2019-12-31',24),('5','SGPT_ALT','2021-12-29',17),('5','TOT_CHOLE','2015-12-20',265),('5','TOT_CHOLE','2016-12-20',197),('5','TOT_CHOLE','2018-11-26',199),('5','TOT_CHOLE','2021-12-29',220),('5','TRIGLYCERIDE','2015-12-20',134),('5','TRIGLYCERIDE','2016-12-20',94),('5','TRIGLYCERIDE','2018-11-26',104),('5','TRIGLYCERIDE','2021-12-29',171),('50','BLDS','2015-12-20',95),('50','BLDS','2016-12-20',103),('50','BLDS','2018-11-26',104),('50','BLDS','2019-12-19',124),('50','BLDS','2019-12-31',77),('50','BLDS','2021-12-29',102),('50','BP_HIGH','2015-12-20',125),('50','BP_HIGH','2016-12-20',115),('50','BP_HIGH','2018-11-26',132),('50','BP_HIGH','2019-12-19',112),('50','BP_HIGH','2019-12-31',101),('50','BP_HIGH','2021-12-29',143),('50','BP_LWST','2015-12-20',80),('50','BP_LWST','2016-12-20',70),('50','BP_LWST','2018-11-26',80),('50','BP_LWST','2019-12-19',70),('50','BP_LWST','2019-12-31',51),('50','BP_LWST','2021-12-29',85),('50','CREATININE','2015-12-20',1),('50','CREATININE','2016-12-20',0.9),('50','CREATININE','2018-11-26',0.7),('50','CREATININE','2019-12-19',0.6),('50','CREATININE','2019-12-31',0.8),('50','CREATININE','2021-12-29',0.8),('50','GAMMA_GTP','2015-12-20',16),('50','GAMMA_GTP','2016-12-20',15),('50','GAMMA_GTP','2018-11-26',17),('50','GAMMA_GTP','2019-12-19',12),('50','GAMMA_GTP','2019-12-31',11),('50','GAMMA_GTP','2021-12-29',44),('50','HDL_CHOLE','2015-12-20',62),('50','HDL_CHOLE','2016-12-20',37),('50','HDL_CHOLE','2018-11-26',55),('50','HMG','2015-12-20',10.1),('50','HMG','2016-12-20',9.8),('50','HMG','2018-11-26',11.8),('50','HMG','2019-12-19',11.7),('50','HMG','2019-12-31',13.7),('50','HMG','2021-12-29',13.1),('50','LDL_CHOLE','2015-12-20',87),('50','LDL_CHOLE','2016-12-20',117),('50','LDL_CHOLE','2018-11-26',143),('50','OLIG_PROTE_CD','2015-12-20',1),('50','OLIG_PROTE_CD','2016-12-20',1),('50','OLIG_PROTE_CD','2018-11-26',1),('50','OLIG_PROTE_CD','2019-12-19',1),('50','OLIG_PROTE_CD','2019-12-31',1),('50','OLIG_PROTE_CD','2021-12-29',1),('50','SGOT_AST','2015-12-20',16),('50','SGOT_AST','2016-12-20',23),('50','SGOT_AST','2018-11-26',16),('50','SGOT_AST','2019-12-19',24),('50','SGOT_AST','2019-12-31',12),('50','SGOT_AST','2021-12-29',26),('50','SGPT_ALT','2015-12-20',19),('50','SGPT_ALT','2016-12-20',14),('50','SGPT_ALT','2018-11-26',12),('50','SGPT_ALT','2019-12-19',19),('50','SGPT_ALT','2019-12-31',11),('50','SGPT_ALT','2021-12-29',13),('50','TOT_CHOLE','2015-12-20',179),('50','TOT_CHOLE','2016-12-20',192),('50','TOT_CHOLE','2018-11-26',215),('50','TRIGLYCERIDE','2015-12-20',146),('50','TRIGLYCERIDE','2016-12-20',188),('50','TRIGLYCERIDE','2018-11-26',81),('51','BLDS','2015-12-20',130),('51','BLDS','2016-12-20',88),('51','BLDS','2018-11-26',97),('51','BLDS','2019-12-19',109),('51','BLDS','2019-12-31',117),('51','BLDS','2021-12-29',102),('51','BP_HIGH','2015-12-20',120),('51','BP_HIGH','2016-12-20',112),('51','BP_HIGH','2018-11-26',137),('51','BP_HIGH','2019-12-19',123),('51','BP_HIGH','2019-12-31',120),('51','BP_HIGH','2021-12-29',130),('51','BP_LWST','2015-12-20',80),('51','BP_LWST','2016-12-20',71),('51','BP_LWST','2018-11-26',78),('51','BP_LWST','2019-12-19',69),('51','BP_LWST','2019-12-31',75),('51','BP_LWST','2021-12-29',80),('51','CREATININE','2015-12-20',0.8),('51','CREATININE','2016-12-20',0.7),('51','CREATININE','2018-11-26',1.3),('51','CREATININE','2019-12-19',0.9),('51','CREATININE','2019-12-31',1.1),('51','CREATININE','2021-12-29',0.9),('51','GAMMA_GTP','2015-12-20',15),('51','GAMMA_GTP','2016-12-20',41),('51','GAMMA_GTP','2018-11-26',31),('51','GAMMA_GTP','2019-12-19',19),('51','GAMMA_GTP','2019-12-31',15),('51','GAMMA_GTP','2021-12-29',41),('51','HDL_CHOLE','2015-12-20',58),('51','HDL_CHOLE','2016-12-20',41),('51','HDL_CHOLE','2018-11-26',45),('51','HDL_CHOLE','2021-12-29',66),('51','HMG','2015-12-20',10.2),('51','HMG','2016-12-20',16.1),('51','HMG','2018-11-26',14.8),('51','HMG','2019-12-19',12.4),('51','HMG','2019-12-31',15.4),('51','HMG','2021-12-29',13.3),('51','LDL_CHOLE','2015-12-20',111),('51','LDL_CHOLE','2016-12-20',71),('51','LDL_CHOLE','2018-11-26',129),('51','LDL_CHOLE','2021-12-29',131),('51','OLIG_PROTE_CD','2015-12-20',1),('51','OLIG_PROTE_CD','2016-12-20',1),('51','OLIG_PROTE_CD','2018-11-26',1),('51','OLIG_PROTE_CD','2019-12-19',1),('51','OLIG_PROTE_CD','2019-12-31',1),('51','OLIG_PROTE_CD','2021-12-29',1),('51','SGOT_AST','2015-12-20',12),('51','SGOT_AST','2016-12-20',30),('51','SGOT_AST','2018-11-26',21),('51','SGOT_AST','2019-12-19',31),('51','SGOT_AST','2019-12-31',16),('51','SGOT_AST','2021-12-29',24),('51','SGPT_ALT','2015-12-20',7),('51','SGPT_ALT','2016-12-20',26),('51','SGPT_ALT','2018-11-26',17),('51','SGPT_ALT','2019-12-19',26),('51','SGPT_ALT','2019-12-31',13),('51','SGPT_ALT','2021-12-29',16),('51','TOT_CHOLE','2015-12-20',192),('51','TOT_CHOLE','2016-12-20',144),('51','TOT_CHOLE','2018-11-26',224),('51','TOT_CHOLE','2021-12-29',219),('51','TRIGLYCERIDE','2015-12-20',114),('51','TRIGLYCERIDE','2016-12-20',159),('51','TRIGLYCERIDE','2018-11-26',247),('51','TRIGLYCERIDE','2021-12-29',110),('52','BLDS','2015-12-20',117),('52','BLDS','2016-12-20',89),('52','BLDS','2018-11-26',82),('52','BLDS','2019-12-19',89),('52','BLDS','2019-12-31',101),('52','BLDS','2021-12-29',95),('52','BP_HIGH','2015-12-20',120),('52','BP_HIGH','2016-12-20',130),('52','BP_HIGH','2018-11-26',116),('52','BP_HIGH','2019-12-19',119),('52','BP_HIGH','2019-12-31',138),('52','BP_HIGH','2021-12-29',108),('52','BP_LWST','2015-12-20',70),('52','BP_LWST','2016-12-20',80),('52','BP_LWST','2018-11-26',76),('52','BP_LWST','2019-12-19',69),('52','BP_LWST','2019-12-31',65),('52','BP_LWST','2021-12-29',62),('52','CREATININE','2015-12-20',1.1),('52','CREATININE','2016-12-20',0.9),('52','CREATININE','2018-11-26',0.8),('52','CREATININE','2019-12-19',0.8),('52','CREATININE','2019-12-31',0.9),('52','CREATININE','2021-12-29',0.5),('52','GAMMA_GTP','2015-12-20',29),('52','GAMMA_GTP','2016-12-20',36),('52','GAMMA_GTP','2018-11-26',17),('52','GAMMA_GTP','2019-12-19',42),('52','GAMMA_GTP','2019-12-31',22),('52','GAMMA_GTP','2021-12-29',11),('52','HDL_CHOLE','2015-12-20',39),('52','HDL_CHOLE','2016-12-20',72),('52','HDL_CHOLE','2018-11-26',56),('52','HMG','2015-12-20',11.9),('52','HMG','2016-12-20',13.1),('52','HMG','2018-11-26',12.6),('52','HMG','2019-12-19',15.9),('52','HMG','2019-12-31',16.1),('52','HMG','2021-12-29',13),('52','LDL_CHOLE','2015-12-20',67),('52','LDL_CHOLE','2016-12-20',192),('52','LDL_CHOLE','2018-11-26',127),('52','OLIG_PROTE_CD','2015-12-20',1),('52','OLIG_PROTE_CD','2016-12-20',1),('52','OLIG_PROTE_CD','2018-11-26',1),('52','OLIG_PROTE_CD','2019-12-19',2),('52','OLIG_PROTE_CD','2019-12-31',2),('52','OLIG_PROTE_CD','2021-12-29',1),('52','SGOT_AST','2015-12-20',37),('52','SGOT_AST','2016-12-20',29),('52','SGOT_AST','2018-11-26',21),('52','SGOT_AST','2019-12-19',32),('52','SGOT_AST','2019-12-31',18),('52','SGOT_AST','2021-12-29',17),('52','SGPT_ALT','2015-12-20',54),('52','SGPT_ALT','2016-12-20',22),('52','SGPT_ALT','2018-11-26',17),('52','SGPT_ALT','2019-12-19',27),('52','SGPT_ALT','2019-12-31',13),('52','SGPT_ALT','2021-12-29',13),('52','TOT_CHOLE','2015-12-20',139),('52','TOT_CHOLE','2016-12-20',285),('52','TOT_CHOLE','2018-11-26',207),('52','TRIGLYCERIDE','2015-12-20',164),('52','TRIGLYCERIDE','2016-12-20',107),('52','TRIGLYCERIDE','2018-11-26',119),('53','BLDS','2015-12-20',88),('53','BLDS','2016-12-20',90),('53','BLDS','2018-11-26',90),('53','BLDS','2019-12-19',107),('53','BLDS','2019-12-31',115),('53','BLDS','2021-12-29',112),('53','BP_HIGH','2015-12-20',130),('53','BP_HIGH','2016-12-20',139),('53','BP_HIGH','2018-11-26',110),('53','BP_HIGH','2019-12-19',136),('53','BP_HIGH','2019-12-31',109),('53','BP_HIGH','2021-12-29',118),('53','BP_LWST','2015-12-20',80),('53','BP_LWST','2016-12-20',86),('53','BP_LWST','2018-11-26',80),('53','BP_LWST','2019-12-19',89),('53','BP_LWST','2019-12-31',65),('53','BP_LWST','2021-12-29',70),('53','CREATININE','2015-12-20',1.1),('53','CREATININE','2016-12-20',0.9),('53','CREATININE','2018-11-26',1.2),('53','CREATININE','2019-12-19',0.9),('53','CREATININE','2019-12-31',0.8),('53','CREATININE','2021-12-29',1.2),('53','GAMMA_GTP','2015-12-20',22),('53','GAMMA_GTP','2016-12-20',12),('53','GAMMA_GTP','2018-11-26',25),('53','GAMMA_GTP','2019-12-19',35),('53','GAMMA_GTP','2019-12-31',19),('53','GAMMA_GTP','2021-12-29',46),('53','HDL_CHOLE','2015-12-20',51),('53','HDL_CHOLE','2016-12-20',46),('53','HDL_CHOLE','2018-11-26',77),('53','HMG','2015-12-20',12.4),('53','HMG','2016-12-20',10.2),('53','HMG','2018-11-26',13.2),('53','HMG','2019-12-19',14.3),('53','HMG','2019-12-31',11.5),('53','HMG','2021-12-29',15.5),('53','LDL_CHOLE','2015-12-20',105),('53','LDL_CHOLE','2016-12-20',146),('53','LDL_CHOLE','2018-11-26',153),('53','OLIG_PROTE_CD','2015-12-20',1),('53','OLIG_PROTE_CD','2016-12-20',3),('53','OLIG_PROTE_CD','2018-11-26',1),('53','OLIG_PROTE_CD','2019-12-19',1),('53','OLIG_PROTE_CD','2019-12-31',1),('53','OLIG_PROTE_CD','2021-12-29',1),('53','SGOT_AST','2015-12-20',18),('53','SGOT_AST','2016-12-20',25),('53','SGOT_AST','2018-11-26',25),('53','SGOT_AST','2019-12-19',27),('53','SGOT_AST','2019-12-31',20),('53','SGOT_AST','2021-12-29',24),('53','SGPT_ALT','2015-12-20',13),('53','SGPT_ALT','2016-12-20',11),('53','SGPT_ALT','2018-11-26',24),('53','SGPT_ALT','2019-12-19',17),('53','SGPT_ALT','2019-12-31',8),('53','SGPT_ALT','2021-12-29',35),('53','TOT_CHOLE','2015-12-20',167),('53','TOT_CHOLE','2016-12-20',241),('53','TOT_CHOLE','2018-11-26',245),('53','TRIGLYCERIDE','2015-12-20',55),('53','TRIGLYCERIDE','2016-12-20',244),('53','TRIGLYCERIDE','2018-11-26',71),('54','BLDS','2015-12-20',112),('54','BLDS','2016-12-20',164),('54','BLDS','2018-11-26',99),('54','BLDS','2019-12-19',113),('54','BLDS','2019-12-31',109),('54','BLDS','2021-12-29',106),('54','BP_HIGH','2015-12-20',140),('54','BP_HIGH','2016-12-20',150),('54','BP_HIGH','2018-11-26',120),('54','BP_HIGH','2019-12-19',93),('54','BP_HIGH','2019-12-31',117),('54','BP_HIGH','2021-12-29',127),('54','BP_LWST','2015-12-20',85),('54','BP_LWST','2016-12-20',90),('54','BP_LWST','2018-11-26',75),('54','BP_LWST','2019-12-19',58),('54','BP_LWST','2019-12-31',78),('54','BP_LWST','2021-12-29',91),('54','CREATININE','2015-12-20',1.1),('54','CREATININE','2016-12-20',1),('54','CREATININE','2018-11-26',0.8),('54','CREATININE','2019-12-19',0.7),('54','CREATININE','2019-12-31',1),('54','CREATININE','2021-12-29',0.9),('54','GAMMA_GTP','2015-12-20',29),('54','GAMMA_GTP','2016-12-20',38),('54','GAMMA_GTP','2018-11-26',20),('54','GAMMA_GTP','2019-12-19',16),('54','GAMMA_GTP','2019-12-31',41),('54','GAMMA_GTP','2021-12-29',295),('54','HDL_CHOLE','2015-12-20',80),('54','HDL_CHOLE','2016-12-20',48),('54','HDL_CHOLE','2018-11-26',87),('54','HMG','2015-12-20',13.9),('54','HMG','2016-12-20',14.6),('54','HMG','2018-11-26',13.6),('54','HMG','2019-12-19',13.5),('54','HMG','2019-12-31',16.8),('54','HMG','2021-12-29',14.4),('54','LDL_CHOLE','2015-12-20',227),('54','LDL_CHOLE','2016-12-20',106),('54','LDL_CHOLE','2018-11-26',98),('54','OLIG_PROTE_CD','2015-12-20',1),('54','OLIG_PROTE_CD','2016-12-20',1),('54','OLIG_PROTE_CD','2018-11-26',1),('54','OLIG_PROTE_CD','2019-12-19',1),('54','OLIG_PROTE_CD','2019-12-31',1),('54','OLIG_PROTE_CD','2021-12-29',1),('54','SGOT_AST','2015-12-20',23),('54','SGOT_AST','2016-12-20',26),('54','SGOT_AST','2018-11-26',29),('54','SGOT_AST','2019-12-19',19),('54','SGOT_AST','2019-12-31',26),('54','SGOT_AST','2021-12-29',25),('54','SGPT_ALT','2015-12-20',18),('54','SGPT_ALT','2016-12-20',35),('54','SGPT_ALT','2018-11-26',20),('54','SGPT_ALT','2019-12-19',10),('54','SGPT_ALT','2019-12-31',40),('54','SGPT_ALT','2021-12-29',25),('54','TOT_CHOLE','2015-12-20',384),('54','TOT_CHOLE','2016-12-20',190),('54','TOT_CHOLE','2018-11-26',199),('54','TRIGLYCERIDE','2015-12-20',384),('54','TRIGLYCERIDE','2016-12-20',180),('54','TRIGLYCERIDE','2018-11-26',62);
/*!40000 ALTER TABLE `User_Tests` ENABLE KEYS */;
UNLOCK TABLES;

--
-- Table structure for table `Users`
--

DROP TABLE IF EXISTS `Users`;
/*!40101 SET @saved_cs_client     = @@character_set_client */;
/*!50503 SET character_set_client = utf8mb4 */;
CREATE TABLE `Users` (
  `username` varchar(255) NOT NULL,
  `age` int DEFAULT NULL,
  `gender` int DEFAULT NULL,
  `weight` float DEFAULT NULL,
  `height` float DEFAULT NULL,
  `age_group` int DEFAULT NULL,
  `password` varchar(255) NOT NULL,
  PRIMARY KEY (`username`),
  KEY `idx_username` (`username`)
) ENGINE=InnoDB DEFAULT CHARSET=utf8mb4 COLLATE=utf8mb4_0900_ai_ci;
/*!40101 SET character_set_client = @saved_cs_client */;

--
-- Dumping data for table `Users`
--

LOCK TABLES `Users` WRITE;
/*!40000 ALTER TABLE `Users` DISABLE KEYS */;
INSERT INTO `Users` VALUES ('1',44,2,60,165,9,'pass1'),('10',67,2,45,150,10,'pass10'),('11',79,2,55,155,9,'pass11'),('12',50,1,45,150,11,'pass12'),('13',67,2,84,175,10,'pass13'),('14',48,2,75,160,9,'pass14'),('15',50,1,50,145,7,'pass15'),('16',48,2,75,165,12,'pass16'),('17',54,2,65,160,8,'pass17'),('18',68,2,60,145,9,'pass18'),('19',48,2,65,170,12,'pass19'),('2',63,1,65,150,7,'pass2'),('20',64,2,55,170,8,'pass20'),('21',60,2,70,165,13,'pass21'),('22',53,2,50,155,8,'pass22'),('23',53,1,55,155,6,'pass23'),('24',48,2,120,175,11,'pass24'),('25',73,1,55,165,10,'pass25'),('26',44,2,55,165,9,'pass26'),('27',52,2,75,170,7,'pass27'),('28',81,2,60,155,9,'pass28'),('29',54,2,55,165,6,'pass29'),('3',59,2,55,155,7,'pass3'),('30',58,1,60,155,10,'pass30'),('31',56,2,70,170,10,'pass31'),('32',43,2,60,155,9,'pass32'),('33',41,2,70,170,9,'pass33'),('34',71,2,45,150,13,'pass34'),('35',63,1,55,150,6,'pass35'),('36',56,2,50,155,10,'pass36'),('37',61,1,55,155,5,'pass37'),('38',40,1,75,165,7,'pass38'),('39',75,2,60,170,9,'pass39'),('4',61,2,70,160,9,'pass4'),('40',65,1,55,150,11,'pass40'),('41',56,2,60,165,11,'pass41'),('42',41,2,60,170,11,'pass42'),('43',66,2,60,145,8,'pass43'),('44',53,2,50,160,11,'pass44'),('45',59,2,75,170,10,'pass45'),('46',48,2,75,170,8,'pass46'),('47',52,1,65,165,5,'pass47'),('48',76,1,65,165,7,'pass48'),('49',62,2,65,165,2,'pass49'),('5',58,2,50,155,9,'pass5'),('50',59,1,65,155,5,'pass50'),('51',60,1,45,155,5,'pass51'),('52',43,2,45,150,1,'pass52'),('53',48,1,80,165,11,'pass53'),('54',69,2,65,165,11,'pass54');
/*!40000 ALTER TABLE `Users` ENABLE KEYS */;
UNLOCK TABLES;
/*!40103 SET TIME_ZONE=@OLD_TIME_ZONE */;

/*!40101 SET SQL_MODE=@OLD_SQL_MODE */;
/*!40014 SET FOREIGN_KEY_CHECKS=@OLD_FOREIGN_KEY_CHECKS */;
/*!40014 SET UNIQUE_CHECKS=@OLD_UNIQUE_CHECKS */;
/*!40101 SET CHARACTER_SET_CLIENT=@OLD_CHARACTER_SET_CLIENT */;
/*!40101 SET CHARACTER_SET_RESULTS=@OLD_CHARACTER_SET_RESULTS */;
/*!40101 SET COLLATION_CONNECTION=@OLD_COLLATION_CONNECTION */;
/*!40111 SET SQL_NOTES=@OLD_SQL_NOTES */;

-- Dump completed on 2025-03-03 19:30:44
